pair,bet_set,owner,n_bets,n_wins,win_rate_pct,cap_weighted_win_rate_pct,roi_pct,stake_sum,pnl_sum,stake_mean,odds_mean,edge_mean_pp,edge_win_pp,edge_loss_pp,capture_ratio
m00_baseline_grw_negbin vs m00_poisson,shared,m00_baseline_grw_negbin,1258,426,33.86327503974563,35.53733360491413,12.088177622958106,18.38254894636303,2.222115168263577,0.01461251903526473,3.598622847627694,4.978350198346961,5.098495485143532,4.916833501020831,1.0369469464615764
m00_baseline_grw_negbin vs m00_poisson,shared,m00_poisson,1258,426,33.86327503974563,36.06473317755522,12.344031046923092,18.306008594348754,2.25969938433882,0.014551676148130965,3.598622847627694,4.899576177245788,5.084907407385239,4.804683023352274,1.0583231781724178
m00_baseline_grw_negbin vs m00_poisson,exclusive,m00_baseline_grw_negbin,42,18,42.857142857142854,39.92729305714342,1.0871159241879145,0.0567860650257452,0.00061733035561458,0.0013520491672796477,2.6667807373664125,-1.994726305431637,-2.08741249178357,-1.9252116656676883,NaN
m00_baseline_grw_negbin vs m00_poisson,exclusive,m00_poisson,38,25,65.78947368421053,71.88282526573852,5.944221025883881,0.08031693464384933,0.0047742161164451066,0.0021136035432591928,2.1656441171351903,0.7206718703563431,1.5396467214159315,-0.854279766296712,NaN
m05_wealth_grw_negbin vs m05_poisson,shared,m05_wealth_grw_negbin,1188,414,34.84848484848485,37.009524651465846,11.707846482985566,16.68235766773074,1.9531448254804866,0.014042388609200962,3.5723428257054484,4.412228351913827,4.537239790600641,4.345361768430181,1.0441569729739162
m05_wealth_grw_negbin vs m05_poisson,shared,m05_poisson,1188,414,34.84848484848485,37.68185672255372,11.73008139994211,16.534600238963918,1.9395220671854905,0.013918013669161547,3.5723428257054484,4.3357757191889625,4.522456646133552,4.235923130358136,1.067643700548265
m05_wealth_grw_negbin vs m05_poisson,exclusive,m05_wealth_grw_negbin,47,17,36.17021276595745,34.46686737597081,-9.881795727012529,0.05306275644823112,-0.005243553199336368,0.0011289948180474706,2.8351363258084885,-0.7441013070153268,-0.8072437952361518,-0.7083205636901927,NaN
m05_wealth_grw_negbin vs m05_poisson,exclusive,m05_poisson,59,25,42.3728813559322,69.34217344764755,2.5545986744083073,0.09781221309952613,0.0024987094992499235,0.0016578341203309513,2.775339875110141,-0.11786380879778569,1.19382675922968,-1.0823421676415104,NaN
m10_lineup_grw_negbin vs m10_poisson,shared,m10_lineup_grw_negbin,1255,427,34.02390438247012,33.93490130847683,10.963386704423899,18.2285991986529,1.9984718209478336,0.01452478023797044,3.6343899115118146,5.09786363092711,4.979204301904361,5.159056304227491,0.9651385850982566
m10_lineup_grw_negbin vs m10_poisson,shared,m10_poisson,1255,427,34.02390438247012,34.200573898709735,10.72970882432251,18.187404623088916,1.9514555587588114,0.014491955874971247,3.6343899115118146,5.035606962341284,4.949438670587361,5.080043992025976,0.974290513695625
m10_lineup_grw_negbin vs m10_poisson,exclusive,m10_lineup_grw_negbin,46,24,52.17391304347826,53.98080885897727,26.97719467172023,0.06727637710730325,0.01814927922031782,0.001462529937115288,2.7064958683074054,-1.3205752149503716,-1.7257556055051642,-0.8785602434360529,NaN
m10_lineup_grw_negbin vs m10_poisson,exclusive,m10_poisson,44,27,61.36363636363637,77.05174069536564,15.589617529533328,0.07309597870491633,0.011395383509565584,0.001661272243293553,2.268958200094745,0.5397999423638209,1.4865678112993816,-0.963890202416187,NaN
m12_joint_hybrid_synergy_negbin vs m12_poisson,shared,m12_joint_hybrid_synergy_negbin,1209,411,33.99503722084367,35.37810910455481,10.53976440204773,16.915627847871487,1.7828673222928317,0.013991420883268393,3.5971846348576837,4.527649778980809,4.5949107457359375,4.493007852494143,1.0226803283206432
m12_joint_hybrid_synergy_negbin vs m12_poisson,shared,m12_poisson,1209,411,33.99503722084367,36.192125333132225,11.39679572812157,16.757721201412075,1.9098432540130537,0.013860811580986001,3.5971846348576837,4.454134366580341,4.5931617507124445,4.382530037158918,1.0480616702606957
m12_joint_hybrid_synergy_negbin vs m12_poisson,exclusive,m12_joint_hybrid_synergy_negbin,35,14,40.0,42.374431706784875,-0.7514859411333316,0.05854255072397817,-0.0004399390382715453,0.0016726443063993762,2.5850033767811778,-1.074663585611035,-1.600558958741801,-0.7240666701905243,NaN
m12_joint_hybrid_synergy_negbin vs m12_poisson,exclusive,m12_poisson,44,20,45.45454545454545,66.83883342350984,3.1797400377944984,0.06528909658393896,0.002076023544393827,0.0014838431041804309,2.6820453391090777,-0.31179287313972087,0.5718959357170594,-1.0482002138537045,NaN
m12_joint_hybrid_synergy_negbin vs m05_wealth_grw_negbin,shared,m12_joint_hybrid_synergy_negbin,1132,386,34.09893992932862,35.51550567541039,11.06334756622392,16.647172519281277,1.8417345557570024,0.01470598279088452,3.6208522839326354,4.787758206843962,4.8251931691593155,4.768388373796069,1.011912787069822
m12_joint_hybrid_synergy_negbin vs m05_wealth_grw_negbin,shared,m05_wealth_grw_negbin,1132,386,34.09893992932862,36.8003699839601,11.788091422494919,16.34523671206306,1.926791446841196,0.014439255045992102,3.6208522839326354,4.568443605916327,4.772161205376721,4.463034767589635,1.0692637305969357
m12_joint_hybrid_synergy_negbin vs m05_wealth_grw_negbin,exclusive,m12_joint_hybrid_synergy_negbin,112,39,34.82142857142857,29.635925541450288,-18.136867623370208,0.3269978793141861,-0.0593071725024418,0.0029196239224480902,3.041665681415515,0.1479738137861356,0.09169045588690669,0.17804300499257297,0.51499049845138
m12_joint_hybrid_synergy_negbin vs m05_wealth_grw_negbin,exclusive,m05_wealth_grw_negbin,103,45,43.689320388349515,45.42546320580998,5.41022723000885,0.3901837121159114,0.02110982543995438,0.00378819137976613,2.7028145518381437,0.3424889198701251,0.5031089669830185,0.2178699177997768,2.30921722495612
m10_lineup_grw_negbin vs m00_baseline_grw_negbin,shared,m10_lineup_grw_negbin,1194,409,34.25460636515913,33.833841304079684,10.606609216456768,17.974728050394845,1.9065091620262193,0.01505421109748312,3.6444109444010073,5.3195820670607485,5.086104335814326,5.441228426398059,0.9347345741154971
m10_lineup_grw_negbin vs m00_baseline_grw_negbin,shared,m00_baseline_grw_negbin,1194,409,34.25460636515913,35.61472608767339,12.971853761585963,18.0405015339686,2.3401874768430795,0.015109297767142883,3.6444109444010073,5.161480196394319,5.161702131301574,5.161364564066844,1.0000654027109577
m10_lineup_grw_negbin vs m00_baseline_grw_negbin,exclusive,m10_lineup_grw_negbin,107,42,39.25233644859813,43.79062766985881,34.287026816308284,0.3211475253653624,0.11011193814193225,0.003001378741732359,3.123658703501541,-0.1355943097637963,0.10679592935664119,-0.29221569504161743,NaN
m10_lineup_grw_negbin vs m00_baseline_grw_negbin,exclusive,m00_baseline_grw_negbin,106,35,33.0188679245283,32.66167058775668,-29.449628698081465,0.3988334774201753,-0.1174549782238882,0.003762579975662031,2.7136383553794823,0.15262915280690456,0.6642708604770577,-0.09958859041077658,NaN
