replicate,correlation
1,0.16196187885854657
2,-0.4782522048546521
3,0.02107876287325678
4,-0.03991501338457036
5,-0.22143898760728642
6,-0.3674464884675747
7,0.05197417128066385
8,0.20693341808596144
9,0.1360284128377488
10,-0.2105347306934294
11,0.0781462885784342
12,-0.2821386927807063
13,0.07814011275218045
14,0.023233084589616256
15,-0.028080441386610942
16,0.4938041294146238
17,0.1193856901230391
18,-0.154520280562332
19,0.16943226221948463
20,-0.33985227636488546
21,0.13568220075523307
22,-0.12988421047823992
23,-0.09543401418917502
24,-0.09882279411509581
25,0.057355389880549904
26,-0.0758573773214885
27,0.22949275720574686
28,0.15573614147022946
29,-0.06523582094232366
30,0.1628518295985831
31,0.2749160661251096
32,-0.15866895524077257
33,-0.09494609416547672
34,-0.2014531950887075
35,-0.16736109468047944
36,0.10693089047845754
37,0.3352354945776729
38,-0.172245936955848
39,-0.2633376762231334
40,-0.21918074031081247
41,0.08666751685871209
42,-0.3434283647860206
43,0.5051938618872726
44,0.18144318261222234
45,0.05455057237577219
46,0.5858737412358637
47,-0.16878560485078564
48,0.13431581326790043
49,-0.22833379219173186
50,0.0360882303783543
51,0.14208397799900263
52,0.2607713418802813
53,0.23052432695976777
54,-0.2481067545743291
55,0.15762336978994904
56,0.1602043371471884
57,0.40432560228934783
58,0.08355758431351733
59,0.2985859056004171
60,-0.052560716151038675
61,0.06361819745279984
62,-0.10571351345378634
63,-0.01028901377139975
64,0.05000325260517527
65,0.04792569540698504
66,0.09521438499676385
67,-0.3306811017689045
68,-0.4136030101568847
69,-0.2329839993572361
70,0.02019467812022649
71,0.12161759862832673
72,0.39748288849245167
73,-0.012504096948736866
74,0.2828326897415344
75,-0.5362042926235414
76,0.11473845436851181
77,-0.08195365457645949
78,-0.13400632833495046
79,-0.03577679749080711
80,0.1603382781547961
81,0.04029066344976963
82,0.24504271784825418
83,-0.3242091835957978
84,0.04542174738138718
85,-0.07642102145700265
86,-0.18189320339899254
87,-0.07901232120538595
88,0.4838900103471046
89,0.05801916127386705
90,-0.1223098373514287
91,0.22581844399998005
92,-0.008068718768937647
93,-0.011084546648011308
94,0.3570483122959349
95,-0.10326035022776547
96,-0.014401469856340322
97,0.020773872034437323
98,-0.054082742667642715
99,-0.11909314408880872
100,-0.04014770702332649
101,0.14221191735987698
102,0.2946479465234456
103,-0.15507528018923672
104,0.023282846718210244
105,0.17003131560889806
106,-0.27088302905795214
107,0.13209530789665677
108,-0.4541669096729429
109,0.012062283229386307
110,0.0804260739221787
111,-0.05411319364883988
112,-0.08441373848578095
113,-0.1354279705294239
114,0.04761665479363737
115,-0.02557730380188704
116,-0.1917895583141244
117,-0.14793760074241066
118,0.1633113731589154
119,-0.3620844479905194
120,-0.18064714367358775
121,-0.029026222125754075
122,-0.13578292814197296
123,0.1028340186982571
124,-0.18325595458668983
125,0.29849309472820906
126,0.12183302801505161
127,0.2698276530508149
128,0.1930139910116157
129,-0.11895220836507192
130,0.3098394123608393
131,-0.18253080493434454
132,-0.10916237976312124
133,-0.02737115304769313
134,-0.40763926803373124
135,0.03135605138739856
136,0.08543076729846083
137,-0.07892331463338999
138,-0.43704070310545606
139,0.04143946911742799
140,0.09227718982509876
141,0.23181043043695468
142,-0.22701262063213692
143,0.23918052583195143
144,-0.3276374293896529
145,-0.01204003836640324
146,-0.038662209329589706
147,-0.29084959098306135
148,-0.09640262703598024
149,-0.3326979895987478
150,-0.05934307607640944
151,0.044711659869974885
152,0.38504363048229356
153,-0.02439388576269072
154,-0.30213813810481055
155,0.18498292801600982
156,-0.17494795894067344
157,-0.3688865341835815
158,-0.18280253417694267
159,0.15358904858900552
160,0.3103463574016649
161,0.29215623316981265
162,0.17063171561266957
163,-0.06908551814637179
164,0.1933988206566552
165,-0.052976735091841795
166,-0.15428573857700292
167,-0.3317664703715223
168,-0.08255562613598948
169,0.06730408131909923
170,-0.13850916782308334
171,-0.5184806241636146
172,-0.10737123315297056
173,0.21236289949568177
174,0.071777584351008
175,0.12104046757402186
176,-0.0650326581278509
177,-0.26394361975078434
178,-0.007480176534502489
179,0.040138518610528195
180,-0.14536782766159126
181,0.08702924210099935
182,-0.15859822741606186
183,0.09887906489928358
184,-0.22076977599764802
185,-0.49248825187177253
186,0.31701134720724417
187,-0.016730649543228063
188,0.18421251802312552
189,0.2312215377658783
190,0.11373735689514243
191,0.03679642912195442
192,0.07938809635885347
193,0.23092162766091986
194,0.026435140295932538
195,0.10797883108766693
196,0.2483232918088263
197,0.13551650943619872
198,-0.0821763328970624
199,0.040597834269853375
200,-0.16973368355339605
201,-0.2212607226660808
202,0.39637152688789135
203,0.050814473050408704
204,-0.2813659691103422
205,-0.04011072929696192
206,-0.09323979350807923
207,-0.22288402666387339
208,0.14105933634526824
209,-0.08611492259162762
210,0.523649060057762
211,0.5182540171338241
212,-0.20434257619053148
213,0.2612144183003405
214,0.22455565404869543
215,0.0654828300271813
216,0.017475556679941894
217,0.37755954929126695
218,-0.05600872487827775
219,-0.2398834266879909
220,0.3309822538294339
221,0.11224641220021135
222,-0.1926946653241175
223,0.0762989335102564
224,0.08946607733693088
225,-0.4861462279216743
226,-0.3340200316266828
227,0.20301107195438498
228,-0.25735973195554235
229,-0.07291675258886733
230,-0.22164601540761505
231,0.09437641738185985
232,0.2810985337456125
233,0.4273262441572568
234,0.4065030236904777
235,-0.11046857508058013
236,-0.02980228432364043
237,-0.22139497686475693
238,-0.17887222037562367
239,-0.27825945237151883
240,-0.017342712905322785
241,-0.1309661811546815
242,0.02503114046910711
243,-0.08696733688257904
244,0.3254078887144347
245,0.25178328102821795
246,-0.49000898223054057
247,-0.03854691053981481
248,-0.020183291979318858
249,0.1343943553806395
250,-0.03506152284659916
251,-0.4251466411508118
252,-0.04520128696385726
253,0.3825703762562961
254,0.42485833630893766
255,0.2288694946299004
256,-0.1259069786861707
257,0.46964357595945305
258,-0.6321178007481144
259,0.12849987373126992
260,0.16174570251625583
261,0.005907491046932511
262,0.42081792942099955
263,-0.014121176114082453
264,-0.35483596892386265
265,-0.13114145499866534
266,0.06634520551524552
267,-0.032429848146101004
268,-0.25865621649677384
269,-0.14990167973445886
270,0.14606650678260316
271,0.28022996371868286
272,0.31127561853713764
273,0.05505940065948339
274,-0.07526309476145822
275,0.05589884910866866
276,0.23366992716849935
277,0.273389623276497
278,0.3079602184375891
279,0.09638929864711604
280,-0.21253036927965538
281,0.3293355000102668
282,0.19108956939738908
283,0.14909928023473235
284,-0.08160710466635686
285,-0.29161152650608796
286,0.06372449902782601
287,0.0475088135540504
288,0.2846530947010062
289,-0.08493636667916206
290,-0.11333269721809672
291,-0.16034741956426118
292,-0.09325127110816936
293,0.07337744887219293
294,-0.08402852495785308
295,0.20834462760177275
296,0.1922841991161975
297,0.09864227048140131
298,-0.05030153690633431
299,-0.28867558439191077
300,-0.11859776492224294
301,0.3495957372106767
302,0.11264068119911028
303,0.3181140725343621
304,-0.22855182110983943
305,0.29034466254561114
306,-0.04368909090063847
307,0.18471031581961622
308,0.2305635350699491
309,-0.43301592956373214
310,0.030047677358482485
311,-0.13765136840638897
312,0.19388781088485596
313,-0.032454172165841476
314,-0.1718601591939654
315,-0.035258910769428914
316,-0.22757287508283816
317,0.02033798128414913
318,-0.13757054811066682
319,-0.13083422431207298
320,-0.20314999951905185
321,-0.08477309853568728
322,-0.29313568488707664
323,-0.11803809156146372
324,0.1180842701701919
325,0.10503188423336197
326,0.041581022303356266
327,-0.12339935166263478
328,-0.07784099565299407
329,0.2097707509615082
330,-0.03510782821338273
331,-0.2136258201030506
332,0.059654405701707144
333,-0.3400539934736257
334,-0.2567661405814939
335,-0.031063741467689147
336,-0.0023308342834041937
337,-0.18782668179564
338,-0.2750097713247865
339,0.06301643719505669
340,0.2100834165063357
341,-0.010621722936181556
342,-0.05094362769826657
343,-0.41700530647945006
344,-0.07339410330631231
345,-0.06894860476964516
346,0.07955470133310634
347,0.17365815263193404
348,0.04743700489391436
349,-0.1872617087746355
350,0.10641349882619693
351,0.191201883077181
352,0.49178936465865736
353,0.028266914250587857
354,-0.06537589997938607
355,-0.24664647789390826
356,-0.07054738028389972
357,-0.07475369813314928
358,-0.2779130614399311
359,0.2245051493211427
360,-0.17851875216299465
361,-0.16986900083858283
362,0.04923317436372921
363,0.09205578769337483
364,-0.43181876861895013
365,0.44521152867541486
366,-0.12259802283103706
367,-0.038859864951589315
368,0.44329947172117007
369,-0.08230609597844235
370,0.2239099086952427
371,0.12200504616359899
372,-0.36204671756529977
373,0.3106882590891545
374,-0.13353734623260308
375,0.05956129470191458
376,0.0533571745130679
377,-0.10069790410408713
378,-0.09346064830503929
379,-0.12022219115666533
380,0.2678673924783451
381,-0.09690454162880711
382,0.10277204689143968
383,0.13471655720985323
384,0.03883509126668178
385,-0.17871699278563255
386,-0.27923999620525
387,-0.15180286292735623
388,0.04552344064877979
389,-0.3778651978099822
390,-0.11964685400988505
391,-0.20343601227910124
392,0.056919073294448785
393,-0.12266457337395036
394,-0.15586707127569802
395,0.3179887888244615
396,0.07755404726667972
397,0.5596206515989952
398,-0.43363965506925845
399,-0.14308453341944669
400,0.11505893036516784
401,0.056372239795199695
402,-0.041413967857533665
403,-0.07053174963953926
404,0.17994577746686918
405,0.14239025267130384
406,-0.1917045038162096
407,-0.1459149002379969
408,-0.18586396712230574
409,-0.4838448224578889
410,-0.011464943221042474
411,0.19981897909271146
412,-0.09338644489516412
413,0.02520925367631542
414,-0.011655694927327327
415,-0.16053435776343183
416,-0.3601294382804022
417,0.15294490502384447
418,-0.46495124958540707
419,-0.10420881864051429
420,0.3302829605923706
421,0.14435507935433145
422,-0.1653903004229197
423,-0.008405136125157813
424,-0.2620947027409933
425,-0.2463188715193155
426,0.04401553352362241
427,0.07509545685175228
428,-0.017476055056363043
429,-0.11841705983633018
430,-0.0074965536978750255
431,0.6492783644585798
432,-0.057723943294064155
433,0.06938559945748068
434,0.14221105141287171
435,0.19287812237978896
436,0.015565950987540024
437,0.08182417237307951
438,-0.09809777475922683
439,0.3520548848292636
440,0.42452820561241317
441,0.1595203002493676
442,0.05702013740079478
443,0.07062919919364721
444,-0.20751117785980283
445,0.15503449152810497
446,-0.26169018239913094
447,0.25784408526690555
448,-0.23954317226965305
449,0.03150692164362437
450,-0.11434044680674686
451,-0.11481485277833466
452,-0.05032881765345765
453,-0.22392735733982927
454,0.05422354124873119
455,0.38061231904508985
456,-0.028177806176009807
457,0.16387320417645532
458,-0.10513784905840412
459,0.2715335374988023
460,-0.1897892033802101
461,-0.14487069760132337
462,0.08839118102591251
463,-0.22425648087375716
464,0.15411570546203146
465,0.1727465454315452
466,0.18422536076366305
467,-0.00987557246224482
468,0.22070182067421026
469,0.03233593885569637
470,-0.21474682651658777
471,0.09468921699711087
472,0.13040373219039267
473,0.06113716525599077
474,0.007817620900734797
475,0.3744729475811272
476,0.33689532030351044
477,-0.33290998625516754
478,-0.1765102718387245
479,-0.37105152048867845
480,0.10300459907675652
481,0.36362193319987873
482,0.23693715417541988
483,0.009723065576292121
484,0.3157617482529716
485,-0.33260795276734273
486,-0.15611594506584664
487,-0.03072864951019466
488,-0.3974940253759645
489,0.06698801794734996
490,0.27907353642706445
491,0.23996299761058054
492,0.14851910871346072
493,-0.18946147188940338
494,-0.07064644462861343
495,0.09082273759809319
496,0.05514379225169221
497,0.5655513039217803
498,0.019719905911107442
499,-0.20897918355838807
500,-0.1705130240255246
501,-0.06586999433191407
502,-0.35819946772331424
503,0.11946833942553049
504,-0.3098877112327572
505,0.17854166415296457
506,0.41184215877155966
507,0.2761205257812724
508,-0.07126335854964863
509,0.05528949449054868
510,-0.034748554755324665
511,0.0821018823764079
512,0.040148116766752326
513,-0.02855359535445185
514,0.29439239044139603
515,0.10000744896143843
516,0.16881214996275842
517,-0.06354476086927358
518,-0.07188644226527278
519,-0.16252263531026026
520,0.26047152377014166
521,-0.0018499112612458636
522,0.05287377600841705
523,-0.035609414178001876
524,0.12995064627965508
525,0.210268203231323
526,-0.18538995658614468
527,0.39678128987615896
528,-0.38660760056891924
529,0.5451643925911948
530,0.08467508614430598
531,0.3186232838416405
532,-0.027667269277458183
533,-0.2835141274022941
534,-0.052691491752474943
535,0.4499467237236895
536,0.1326442484832139
537,0.10501342161001236
538,0.12420513382524169
539,-0.05695846588690392
540,0.023814997799700404
541,-0.04359304571251456
542,0.05791366798805253
543,0.014412976195032482
544,-0.07118574864135246
545,0.021562055959948097
546,-0.11184000714313631
547,0.25700122308802187
548,-0.03602336795623917
549,0.07303118062705194
550,0.1948120192744102
551,-0.16493055666918185
552,0.2950586276359006
553,-0.08853332169147532
554,-0.3146961496813412
555,0.20279156082328806
556,0.23301899725898637
557,-0.08601446083008693
558,0.014264681771770154
559,-0.14185198098859217
560,0.3640667873725726
561,0.041207823482813655
562,-0.2039305830783272
563,0.09876218511446452
564,0.11300709850003157
565,0.17863889543011197
566,0.13538059773360347
567,0.12022535380694878
568,-0.18311714711682506
569,-0.18557017539233708
570,-0.3355921158803806
571,-0.3732675644083379
572,0.051719200786974416
573,0.3417475953997414
574,0.026270005534896248
575,-0.13151732950557146
576,-0.14186816841527017
577,0.3452408284963353
578,-0.16588057336142525
579,-0.00329579071964149
580,-0.13866422408479714
581,-0.0337085742712054
582,-0.1289613757404506
583,0.21976137128412743
584,-0.026469926498080613
585,-0.2923880282664992
586,0.08185416754278177
587,0.0020358349130861326
588,0.00375528700812571
589,-0.18898177452144818
590,-0.020354248272588936
591,0.07581728702806391
592,0.28741061027994746
593,0.025995384775974698
594,0.13000791784034804
595,-0.206646820532719
596,0.2638100547054629
597,0.40534573920348826
598,0.019148741844680146
599,-0.11361143276348132
600,0.033755790547460994
601,0.06404976242234982
602,-0.21765373319051745
603,-0.20928635842494753
604,-0.2969068821393165
605,0.07142988909638648
606,0.09703697386679871
607,-0.4172108035421072
608,0.008842494227674077
609,0.16453885052562003
610,0.36737890011467855
611,0.07906391119955164
612,0.25854306095072815
613,-0.1436233095172122
614,-0.22813827827736047
615,-0.17220273607072858
616,-0.2572756005119043
617,-0.09951211143672038
618,-0.024907030252194134
619,0.2693135704546317
620,-0.22457585501061517
621,0.14852749217496222
622,0.04728631395997205
623,-0.25229568294149496
624,-0.5119992193608097
625,-0.08504558370666096
626,0.13055127683841666
627,0.13595635378943052
628,0.12967979818713338
629,0.45383759141205704
630,0.015888104233660837
631,-0.13302320906958465
632,-0.09394803340226014
633,0.1301835573380417
634,-0.07077332257106213
635,0.18258716098436392
636,0.11570727605962026
637,0.03033448012010058
638,-0.09530653181943458
639,0.257424721986398
640,-0.0800273634909016
641,0.2611297200038402
642,-0.11095672699898534
643,-0.059193281002733474
644,0.0957295561542637
645,-0.3448050593594429
646,0.052533190294189486
647,0.08289973508454454
648,-0.1493523390686187
649,0.30340866659836
650,0.0910093724174531
651,-0.3064837213257852
652,-0.1192412504606324
653,-0.34840649707514953
654,0.49189495271019923
655,0.14392989989408864
656,-0.08500270719040813
657,-0.022047163125921438
658,0.3148481148596023
659,-0.1606209546133257
660,0.03109454885700874
661,-0.17980229359496316
662,-0.11338402711246413
663,-0.21216692983987517
664,-0.026116117890706336
665,-0.09809774980351116
666,0.007521985316206405
667,0.09524604621705332
668,0.35044327472423237
669,-0.12423799732158132
670,-0.15651125133487073
671,-0.015665235336052158
672,-0.03520973164137636
673,0.02513299808506614
674,-0.18093733760021927
675,0.0016743623303776963
676,0.01423344320347465
677,0.35522038236200776
678,0.2246496270855138
679,-0.06464036470568382
680,0.08076823684716002
681,0.00790066990020726
682,0.15216407240934957
683,0.09374463587230915
684,0.05240684775054805
685,-0.054546188790820675
686,0.05960371863425808
687,-0.25531092356915286
688,-0.008900107566069184
689,-0.5541542994748502
690,0.1204082604717894
691,0.25664849581181054
692,0.030358646695827537
693,-0.04748934856356872
694,-0.4071194031071227
695,-0.03587240401118278
696,-0.09037412134566017
697,-0.2451234984258962
698,-0.13935558204058135
699,0.1317293268138098
700,0.35166673804386445
701,0.11880385188114996
702,-0.4099948854064488
703,0.3006033347452206
704,0.07605770195805564
705,-0.026523220482708595
706,0.3650713115952974
707,0.08635433137965619
708,-0.013726401966178059
709,-0.22434845108922122
710,-0.5011104914632802
711,0.18417478827115394
712,-0.008590903235305957
713,-0.07564731863620201
714,0.07926631397973269
715,0.08873657390112312
716,0.13081945714650478
717,0.19448976407266735
718,0.07133145779643948
719,-0.2681533465153265
720,-0.1946350542543872
721,-0.1469379086546064
722,0.06065620367647762
723,0.2447715640451137
724,0.1555615932357837
725,-0.1502151353846282
726,-0.04911585020687286
727,0.2643352079776205
728,0.0013961108884618656
729,0.30700029797591777
730,0.3048806579397676
731,0.3423944712267697
732,-0.0995868143642784
733,-0.0022658327783906204
734,0.1347145058388635
735,0.12006482796936954
736,-0.2349720711517542
737,-0.37977090914234934
738,0.2983678816373261
739,0.19167524998687077
740,-0.18186500481512924
741,0.2129536877748321
742,0.26014586551850294
743,-0.24939966323775786
744,0.014943764298915694
745,0.07607936078047928
746,-0.03195332626196943
747,-0.147022758415705
748,-0.09036950571672239
749,-0.07849312770507777
750,0.18100013200740372
751,-0.11899922616486877
752,0.3330807864143045
753,0.2210534850539224
754,-0.008829835544738807
755,0.10005230212981502
756,0.4047903240720967
757,-0.19282825077806948
758,-0.4139571401704468
759,0.023252358478235285
760,0.10075865029567539
761,0.018139617224245303
762,-0.42647367261395785
763,-0.24695861684211076
764,-0.0480023814869562
765,-0.12261781516171408
766,-0.17180952327920596
767,0.11734915253680657
768,-0.06598850837421735
769,0.060979219976113344
770,0.2923569954450364
771,0.11065900131930756
772,-0.24280231926466916
773,-0.09859922582626832
774,0.0026268686712037567
775,-0.03609593543745803
776,0.035713111360215266
777,-0.21366694056756166
778,0.03987509492655012
779,0.1761810266489451
780,-0.3128723474318206
781,-0.06526344274483316
782,0.11200474643120499
783,-0.1998407266796731
784,-0.0037618207240256783
785,-0.17432500439688417
786,-0.13444884629260234
787,-0.08628832502960573
788,-0.09745132643680042
789,0.3688906580623238
790,-0.07466296994416985
791,-0.38713042425681726
792,-0.09684997468654988
793,-0.2769721349515787
794,-0.04757975380853465
795,0.11572817484899266
796,0.34749435276869534
797,-0.04265468038270643
798,0.08125415048726367
799,0.09043670939536688
800,0.030337200746955572
801,-0.4779528713672206
802,-0.13338392064547508
803,0.21458455827306935
804,-0.125798061807912
805,0.09096591526637349
806,-0.14465736672926427
807,-0.02598554412412383
808,-0.1632224482733962
809,-0.052099876808923036
810,0.2995939921354646
811,-0.17129315412985346
812,0.2687263981584459
813,0.22643945483587175
814,0.1406272942590357
815,-0.1606750688956879
816,0.1681163608727051
817,0.0711985246215635
818,0.008736374091570734
819,-0.12083307710779365
820,-0.05399098775936471
821,-0.10103113696160237
822,0.11968318285026731
823,-0.34998265298769204
824,0.03530011255519762
825,-0.05888242536821338
826,-0.13888669910518234
827,0.1073711850913029
828,-0.19270267447614656
829,-0.08162163034766318
830,-0.1016754660347497
831,0.08752742095517274
832,0.1378170565307301
833,0.27607316091642153
834,0.02468836866432183
835,0.01678035760263503
836,0.18593930864461836
837,-0.2908438033529805
838,0.3048104553268614
839,-0.05101301142129002
840,-0.022941930207376428
841,0.453691431961226
842,0.11806711528287066
843,-0.45147573047230466
844,0.16405403401412685
845,0.046716355336403885
846,0.1215820153548135
847,0.2489816740678921
848,-0.19258815589233208
849,0.10469577093825105
850,-0.13495652567063315
851,-0.036320216695438216
852,-0.10960315657376082
853,-0.06338297046825496
854,-0.12954927362163862
855,-0.13818689666305756
856,0.25124685505891226
857,0.049546463987922354
858,0.19799917681961288
859,0.0557004201317789
860,-0.18993057841898933
861,0.0450192707958554
862,0.15474596083017955
863,0.07920313442105814
864,-0.28618909024425615
865,-0.22470345635296562
866,-0.03236258116315135
867,-0.19732625347893862
868,-0.2119064741768964
869,-0.1188301345543537
870,-0.15643930306505452
871,0.03569053505804148
872,-0.06325664992982506
873,0.039130974987915
874,-0.14495931980409615
875,-0.1343788947631774
876,0.06665911195829453
877,-0.5315746747842255
878,0.10893432315795035
879,0.03529394731897968
880,0.4451373934408788
881,-0.04781051009022051
882,-0.06802907754665295
883,-0.06609046345618101
884,0.26527210833449943
885,-0.10549730689277231
886,-0.19288735135654791
887,0.08801298596000601
888,-0.24651693359593868
889,-0.19020285363084932
890,-0.11438924221085625
891,-0.14293617384145416
892,-0.11947996902326982
893,0.029599782661436213
894,0.295902359698061
895,-0.16632529056550857
896,-0.001360732179387548
897,0.10502440914289074
898,0.25351064861742
899,0.17137974410742024
900,-0.35458517363822606
901,-0.10772113283247275
902,0.05178863626262759
903,-0.3087981884586491
904,0.5083175976028227
905,0.1555030085051032
906,-0.09661619441754556
907,0.20579722141075762
908,0.11747516897595145
909,-0.25735638571971836
910,-0.2856107295308738
911,0.35638107418231857
912,0.4791743560510408
913,0.010007998964814177
914,0.09910273211188612
915,-0.1014101595750317
916,0.006766181542930339
917,0.03610461078767828
918,-0.18397894790441083
919,-0.2574696951079445
920,0.10202000905846259
921,-0.11783972224459575
922,-0.18604824472290676
923,0.47469707684006013
924,0.11996173154554961
925,0.10058211922024074
926,-0.20070107572559207
927,0.0953496729957291
928,-0.14473737878193407
929,-0.046634002193180445
930,-0.08544169284006445
931,-0.21443331328535736
932,0.37667294688975306
933,-0.39061696983166816
934,0.042373577943969475
935,0.0322846361882045
936,0.1331836828738187
937,-0.07880334093038668
938,0.13776956416952027
939,0.41613589405456364
940,0.12324934575882085
941,-0.050832433656106464
942,-0.21101927197964043
943,-0.2824238908036499
944,-0.3752132460908796
945,-0.0011570068223977382
946,0.18062206218326002
947,-0.24965766472724674
948,0.11379226345083905
949,0.1562238479316163
950,-0.3214904181722063
951,0.14168200451775048
952,0.30165259267758376
953,0.3078947027581258
954,0.1748520660356518
955,0.08831222227428547
956,0.18986696269518152
957,0.04504029473136913
958,-0.5915292827080717
959,-0.1005245201963276
960,-0.19233704327460893
961,-0.11294724071314344
962,-0.1558892037059527
963,0.10718034084540545
964,-0.03859991904077108
965,-0.19745086449958546
966,-0.2950714513007587
967,-0.10383317317846347
968,0.2420431816524598
969,0.11907459702982252
970,-0.13865679322526075
971,-0.19488670661355417
972,-0.1022411726531365
973,0.15295400546994453
974,-0.26671256651232533
975,0.26907626848597715
976,-0.07256570631783955
977,0.0667909547332664
978,-0.2296626623736438
979,-0.1937135534397443
980,0.06500859852564292
981,-0.19547311115844584
982,0.032175004229256475
983,0.14581153364553448
984,0.06753003993068606
985,-0.3596213058495153
986,-0.13298986305562793
987,-0.09679031922129701
988,0.5404264598126611
989,0.1656465519982045
990,-0.13879216512431453
991,0.17050101008493215
992,-0.07806950761895429
993,-0.25341511636727476
994,0.2764151567037113
995,0.40591529920153213
996,-0.1501776932564824
997,0.19320250723411964
998,0.19165709018943006
999,0.04997727481874324
1000,0.011761867903940145
1001,-0.04063788165261499
1002,-0.10596745099148697
1003,-0.17446432782590535
1004,-0.12000887716896509
1005,0.0728613278746757
1006,0.17465209126055634
1007,-0.12434887036336545
1008,-0.2128972681378151
1009,-0.418890255668779
1010,-0.1360752314449068
1011,0.2183352218770844
1012,0.2855223963749279
1013,-0.12901295425731216
1014,0.06393319483351965
1015,0.35076457682424866
1016,0.43653071073039695
1017,-0.2015202503677978
1018,0.07737550781293684
1019,-0.3038452588534522
1020,0.05577817526800648
1021,0.19023011853210925
1022,0.17785635923405924
1023,0.10665697327458616
1024,0.0559621910598676
1025,0.1587339190734333
1026,-0.0765559437661342
1027,-0.034557141230378986
1028,-0.18391995699892508
1029,-0.37469181105941646
1030,-0.04361617483130807
1031,-0.3288132890338597
1032,-0.09071256347037497
1033,-0.23413897044800291
1034,0.13724995955769112
1035,-0.2824657375607264
1036,0.20851778635957474
1037,-0.26725633089668144
1038,0.012067216442072856
1039,0.028401554771069416
1040,0.32404743751266635
1041,-0.22465148532188922
1042,0.18625043539411568
1043,0.025972055956113262
1044,-0.19859422262682397
1045,-0.04506139866848295
1046,0.003664647258924345
1047,-0.11179504199700582
1048,-0.1208072575629966
1049,0.22867624374967374
1050,0.09043675847407097
1051,-0.5107611151432595
1052,0.024746928766810346
1053,-0.028025301729756216
1054,-0.12835621018439491
1055,-0.023160953888140098
1056,-0.39884969852623875
1057,-0.03116634037452358
1058,0.19499718656179213
1059,-0.24001276259788668
1060,0.06608770064134127
1061,-0.4071063908703057
1062,0.2903143412538231
1063,-0.039013615435695995
1064,-0.20729746853621356
1065,0.16433962817943423
1066,-0.3288362804537554
1067,0.41064640275133923
1068,0.2792287372577281
1069,0.007842615867792188
1070,0.0693711697605172
1071,-0.15887550384462498
1072,-0.14069581237699758
1073,0.026518373128124495
1074,-0.027576148858610695
1075,0.23335109371866936
1076,-0.32368486706682453
1077,0.2292048927453149
1078,0.22342586656960775
1079,-0.18443852783703227
1080,0.27799508780312643
1081,-0.22947426462655454
1082,0.3472079236222694
1083,-0.07857538851214815
1084,-0.19186035936032034
1085,-0.3017994308761736
1086,0.07484288289760012
1087,0.21143662658188367
1088,-0.3868804147518826
1089,-0.01738380039762991
1090,0.13477566836256383
1091,-0.08480519233298962
1092,0.3122512257358728
1093,-0.28466072238794043
1094,-0.2862785564220289
1095,-0.034998939282397695
1096,0.0772408384943292
1097,-0.04645429739277981
1098,-0.022610645107315017
1099,-0.2516686025080655
1100,-0.18342409705695217
1101,-0.1066563783397726
1102,0.40386346611322316
1103,0.4893883097159726
1104,0.23803997473378716
1105,0.029228310074810464
1106,-0.23813920516794934
1107,0.21168189178468277
1108,0.06761043057598004
1109,0.15713339293292958
1110,-0.3812819027499178
1111,0.08351274584979751
1112,0.046898177210664464
1113,-0.100286197213963
1114,0.21698361973989744
1115,-0.4248128530394634
1116,-0.04133350346606822
1117,-0.0013142409968520436
1118,-0.14138950043229898
1119,0.11079482497585091
1120,-0.26462250732449133
1121,-0.2437372273390575
1122,0.15069938652728088
1123,0.08321369955574581
1124,0.05289421289333497
1125,0.2768910435824444
1126,-0.006124176442115786
1127,0.23920277567710635
1128,0.18220284427197758
1129,0.2247702126843107
1130,-0.42064781270478785
1131,-0.23650691133989937
1132,0.0029559360969710316
1133,-0.4395746965289102
1134,-0.11503279934470186
1135,-0.0887432270104542
1136,0.0683895032523329
1137,-0.24213345248981782
1138,0.11115884555076279
1139,-0.0678366435568558
1140,-0.11505617125511053
1141,-0.157561336648565
1142,0.11293947595071531
1143,0.22249909813007865
1144,-0.39607490536633866
1145,-0.2685050134839122
1146,0.04049248798754073
1147,-0.11350879453802085
1148,0.012100062693639186
1149,-0.2021961674507108
1150,0.34315809105716644
1151,-0.2548392583758318
1152,0.02792568853678147
1153,0.2550335129979211
1154,0.41371986234127206
1155,0.008143258924618028
1156,-0.05770385228451062
1157,0.21903586234525288
1158,0.08309167215635727
1159,-0.2739984300190532
1160,-0.21623154281367443
1161,0.1489521384877774
1162,-0.13440151757638108
1163,0.02900542214874229
1164,-0.09705696157731031
1165,-0.4163825085768302
1166,-0.33757228704969106
1167,-0.05900102729706309
1168,-0.08492042710712383
1169,-9.740609244220573e-5
1170,0.013546825835228595
1171,0.023934591905046043
1172,-0.08979542248305226
1173,-0.05423328323854656
1174,0.09913201414622028
1175,-0.3446890275092391
1176,0.031789877301780754
1177,0.2736034353331597
1178,-0.11266226981631161
1179,-0.17240729744938912
1180,-0.027648111185896287
1181,-0.0751809384908845
1182,-0.046706906812694376
1183,-0.07040080813647494
1184,0.018838873339770315
1185,0.35480787842088274
1186,-0.25924143336545336
1187,0.19656407013812646
1188,-0.21303880739993175
1189,0.4473449813412491
1190,0.05677048852649511
1191,0.07650711709686683
1192,0.39221619653816575
1193,-0.19289114949672972
1194,0.07168557060518983
1195,0.24885181250467941
1196,-0.44619075661711227
1197,-0.18495763718056604
1198,-0.024966066950885893
1199,-0.024797492004107927
1200,0.39823222064894914
1201,0.2665762159656686
1202,-0.20363041734533868
1203,0.11605822770305751
1204,-0.1901555202837756
1205,0.11691247092620932
1206,0.1236342498519567
1207,0.013818726465819563
1208,-0.12149327708055271
1209,-0.28237606739702
1210,0.08849413023098303
1211,0.15070869264092537
1212,0.24807012374569928
1213,-0.22081865413287835
1214,-0.04576487438022808
1215,0.11115235596764964
1216,-0.0645848282820287
1217,-0.5292647549469581
1218,-0.16012400466253854
1219,0.15245712848729048
1220,-0.1465955885239809
1221,0.10289949212726586
1222,-0.18418068002513197
1223,0.019218757137935916
1224,0.2755196159802327
1225,0.15235546540273862
1226,0.21231643932501465
1227,0.13195501902466517
1228,-0.16443404992545177
1229,-0.059424622543495814
1230,0.023212350656470995
1231,-0.1006390510964579
1232,0.253971649811821
1233,-0.43318696482424335
1234,-0.17401927199386696
1235,0.38334307330244005
1236,-0.2799811772211611
1237,-0.25814763504678184
1238,-0.1954333182546551
1239,0.4454949910176117
1240,0.06115141476165221
1241,0.11098384996254364
1242,-0.34973525179954223
1243,-0.28100517800825114
1244,0.017849561327769853
1245,0.1724324773725897
1246,-0.2627773851298541
1247,-0.2335436028729616
1248,0.18510886612704539
1249,-0.008462615724133057
1250,-0.32663024020542625
1251,-0.12283779131927365
1252,0.0986881330359168
1253,-0.2990678916766901
1254,-0.034424189855104086
1255,-0.4051278302021783
1256,-0.03246943811383339
1257,-0.16741918573584488
1258,0.39165755371895866
1259,0.16587029204075573
1260,0.045585169499787
1261,0.06626288538763495
1262,-0.09644318850215317
1263,-0.18808177805043136
1264,-0.3668695293864323
1265,0.4152482370021083
1266,-0.3786538075700812
1267,0.3915346049440571
1268,-0.3796372826002709
1269,0.09249358879592666
1270,0.03595671479400424
1271,-0.0792946977168134
1272,0.26854611596957667
1273,0.048356546666552466
1274,0.2346746781366609
1275,0.134351820387816
1276,0.08861487012202879
1277,-0.032983180314141956
1278,0.30031870909510944
1279,0.06226680888603398
1280,0.12695264123751754
1281,0.14496594381294992
1282,-0.17871968832096513
1283,-0.013065825614082071
1284,-0.3617565637406957
1285,0.20943618387197538
1286,-0.11307556291587502
1287,0.005699457052572352
1288,0.46286732812053105
1289,0.11119443304974042
1290,0.2602980541230173
1291,0.44397572275420344
1292,-0.43460841889025975
1293,-0.023199488375499986
1294,-0.2924817958539099
1295,0.0817134786825289
1296,0.005348012256337385
1297,0.46533725689027616
1298,0.11986053049449169
1299,-0.4584383597734339
1300,-0.3233565004013094
1301,0.4279103346434051
1302,0.24696904478444348
1303,-0.18771226262900853
1304,0.04760654645564258
1305,0.17164504730287036
1306,-0.029788341897244906
1307,-0.3241479191908655
1308,-0.15943656635958472
1309,-0.22287752168343958
1310,0.28322053812572223
1311,-0.016208274840761604
1312,-0.10574647690279315
1313,-0.08062842426642809
1314,0.016007449530865293
1315,0.3296046721633296
1316,-0.2519519972736034
1317,0.17310085221134414
1318,-0.39032761217323003
1319,0.03898887283797939
1320,0.07171536090653616
1321,0.014624451480780527
1322,0.37176446037969396
1323,0.20906490822550913
1324,0.012181354101245236
1325,0.061152234184901635
1326,0.33735333975892345
1327,-0.10425797126341123
1328,-0.08322979229679359
1329,-0.08320291783040937
1330,-0.2394174414081087
1331,0.13286845108173265
1332,0.17765465220087018
1333,-0.1006961364054719
1334,0.42282144989271975
1335,0.1567875893917181
1336,0.13379427943008856
1337,0.13832257494703867
1338,-0.06734946857002543
1339,-0.18120461168109536
1340,-0.17821225521146736
1341,-0.11522517813686146
1342,-0.06940530951576816
1343,0.4489231220296368
1344,0.16010064105913793
1345,0.18110773809965558
1346,-0.17627510513667746
1347,-0.02583354991557438
1348,0.06324848840070424
1349,-0.35872165605513706
1350,0.060971777958514106
1351,0.5337315537911238
1352,0.04746478868648171
1353,0.08255742633762037
1354,-0.06124936943088389
1355,-0.1173496603519563
1356,0.22823828332663254
1357,0.17701189362733918
1358,-0.11495999561454147
1359,0.1877771687213207
1360,-0.05629556199929184
1361,-0.055194955554299846
1362,0.19107045291680516
1363,-0.10353478856094334
1364,-0.13774741231519116
1365,0.09631086888689896
1366,-0.4909525167803003
1367,-0.03408028812368423
1368,-0.3119650749869005
1369,0.20881481096630328
1370,-0.10380182517526228
1371,-0.40842157793250683
1372,0.14208026247196487
1373,0.29813038094605615
1374,-0.05124627846612311
1375,0.3091816964858809
1376,0.1292693474214925
1377,-0.006622486450627819
1378,0.07718079709248721
1379,-0.17675170242236868
1380,-0.1313469341127307
1381,0.44201282799146907
1382,0.10011747578582077
1383,-0.17639844376748617
1384,0.0948756604128268
1385,0.1247905085478515
1386,0.17670844657639212
1387,-0.015876192936896034
1388,0.026813780351065943
1389,0.40269519163943146
1390,0.1286749341688001
1391,-0.1734631208281332
1392,0.40989930792104834
1393,0.014505876311784615
1394,3.11169305055776e-5
1395,0.19434981166107934
1396,-0.3130344190875754
1397,0.3216081035923631
1398,0.032132964029205686
1399,0.15863512430078686
1400,0.2101046705863467
1401,0.23745695909150258
1402,-0.09989866329137037
1403,-0.23476287242819124
1404,0.286752685288561
1405,-0.4690147978443462
1406,-0.21889284898765607
1407,-0.1490936451871359
1408,0.2055484288148442
1409,0.18863454539674468
1410,0.35204086846778165
1411,-0.3716465863991521
1412,0.14221989923571465
1413,-0.08787091950241421
1414,-0.033327495491501054
1415,0.03565956007819737
1416,-0.06005747862133795
1417,0.27426084790809907
1418,0.3954495782378604
1419,-0.25631452633954116
1420,0.3053689138622117
1421,0.08054044027436906
1422,0.32946537267129405
1423,-0.08451486322580759
1424,-0.1278242689196154
1425,0.1280214194720869
1426,0.18858666259786153
1427,-0.006225397437730999
1428,-0.06756376648667807
1429,-0.1288519860149508
1430,0.1937454213574563
1431,-0.1343561424123775
1432,0.24967466484284814
1433,0.3661314985975488
1434,0.11233267989262924
1435,0.28760617123544957
1436,0.14303948570164052
1437,0.1570071817635666
1438,0.1942064936009107
1439,-0.19327341671776127
1440,-0.18662721465583704
1441,0.37913766443199487
1442,0.18658506039600922
1443,0.03698106672021726
1444,-0.36729729798565885
1445,-0.06616695421655018
1446,0.2832843714665613
1447,-0.32409651590060123
1448,-0.20027920481376213
1449,0.3122518053533599
1450,-0.05170338818953928
1451,-0.11588849526719142
1452,-0.08625421430274734
1453,0.05868702331334806
1454,0.12682763490249183
1455,-0.2741884828105788
1456,0.04968642583750745
1457,-0.28077576475432303
1458,-0.10033125663771642
1459,0.05245303683396273
1460,0.1692225348439703
1461,-0.01910369139431043
1462,-0.03778564873934179
1463,0.18639421676370435
1464,-0.4095031336186622
1465,0.29500778270330075
1466,0.21465094508991367
1467,-0.31435605812047007
1468,-0.2031008510472336
1469,0.04544969629773121
1470,-0.26581893744735846
1471,-0.01013751777484246
1472,-0.1084905401253197
1473,-0.1065306031986586
1474,-0.3586836618751096
1475,-0.14371584078311686
1476,0.14979909873654357
1477,0.21351426792575856
1478,0.18214222479939093
1479,0.31640952457700366
1480,-0.1945602972134765
1481,-0.05508807598828871
1482,0.18432878419291227
1483,0.05660284181099166
1484,-0.3080824877313877
1485,0.16485307330504273
1486,0.07873258460706843
1487,-0.15459961708872838
1488,-0.0734427371283977
1489,0.09982015527773053
1490,0.042421905380945917
1491,-0.2652597173124039
1492,-0.26351037292495355
1493,0.01872501691397194
1494,-0.3367116935184418
1495,0.27487042027941144
1496,-0.034761830009237264
1497,0.13655233542150474
1498,-0.18415814805938976
1499,-0.25200664212035945
1500,-0.32831884564924985
1501,-0.19698986306222466
1502,0.3827917008913175
1503,-0.12890264187632863
1504,0.05290906970120423
1505,0.17182285572570533
1506,0.11133552908371407
1507,0.03152475280130844
1508,-0.05079806281407076
1509,0.15566366395639455
1510,-0.254133492093879
1511,-0.3010967785568393
1512,0.039663222421445404
1513,0.2433167391230096
1514,0.014258071822863436
1515,0.14293147535770512
1516,-0.03826602877120113
1517,0.25708384488554065
1518,0.0882793485174677
1519,0.04898090341188017
1520,-0.07950547538211261
1521,-0.0035111060552949916
1522,0.1440854049962486
1523,0.02427645345153665
1524,-0.3120443668395395
1525,-0.08289991751753957
1526,0.1676163481071048
1527,-0.18053773506944387
1528,-0.12714519253227666
1529,-0.014341432411299782
1530,0.049093417864515376
1531,0.11179025401490593
1532,-0.14810728458451605
1533,0.29012496235897484
1534,-0.22028798390952783
1535,-0.11716522429425155
1536,-0.11397449515766901
1537,-0.1605047560814227
1538,-0.03583393383762702
1539,0.3524746244546036
1540,0.25472337149424523
1541,-0.10554744031996363
1542,0.3311772869553739
1543,-0.014956997408375913
1544,0.028292954123205503
1545,-0.1272197705875664
1546,-0.07966040744102566
1547,0.1985474425532135
1548,0.19185105541125358
1549,0.26807406674455714
1550,0.4180403019568665
1551,-0.2302522564978987
1552,-0.10217385845196857
1553,-0.25805631423624653
1554,-0.11319798318250601
1555,-0.43283363056135227
1556,-0.01754389429700279
1557,0.15364951884450073
1558,0.21520270533345795
1559,0.3384874148169513
1560,-0.0408697679919323
1561,0.12075754410126635
1562,0.07459927568945769
1563,0.2786058095912713
1564,0.22526413788373673
1565,0.4130867791293969
1566,0.1803739695155373
1567,0.1815456990903304
1568,-0.29636554474935295
1569,0.10252529915941161
1570,-0.08859932554622897
1571,-0.03921874720559446
1572,0.16892298583246051
1573,0.2560288807620704
1574,0.2835530326516316
1575,-0.1268384055212219
1576,-0.024452008313250274
1577,-0.5090269507526073
1578,0.2431644687003377
1579,0.5540423358539164
1580,-0.22864311922697717
1581,0.09409430454556175
1582,-0.2083201105323209
1583,0.1798240062427695
1584,-0.3318102373741169
1585,-0.11726310045219444
1586,-0.18822883366652288
1587,-0.06216043189957597
1588,-0.34755217432725255
1589,0.007452314932556631
1590,-0.11786492809770253
1591,0.22719392403259617
1592,0.054543770874768895
1593,0.27256775133049954
1594,0.3338559531214282
1595,0.06983716032392899
1596,-0.01898510933723501
1597,-0.3302653697381808
1598,-0.025379335996863293
1599,0.09133378899795687
1600,-0.4757377886874497
1601,0.24826240199514693
1602,-0.31085958695174337
1603,0.04267461918585831
1604,0.28019768121358685
1605,0.06460282657547346
1606,-0.3196769709675149
1607,0.19924099484004598
1608,-0.2791692012511878
1609,0.39473517751285375
1610,0.13279384980069092
1611,-0.24652537676083058
1612,-0.20318325317190913
1613,0.3649824831399252
1614,-0.03280129836422159
1615,-0.11059978532443338
1616,0.2102625434216815
1617,-0.02914586390718216
1618,0.07333784211981816
1619,0.26133366787573387
1620,-0.05803952822146901
1621,0.12165169967289217
1622,-0.10427419316877448
1623,0.3123948558023075
1624,-0.38380700184272315
1625,0.07011199336995126
1626,-0.06482668888903682
1627,-0.1478042136567844
1628,0.057278696770122414
1629,0.03440584317425415
1630,0.39220493543867724
1631,-0.43290927299080567
1632,0.058717137994140016
1633,0.08333061518770504
1634,-0.3449257445681516
1635,0.12000856604200584
1636,-0.11018265135397634
1637,0.1372592195893141
1638,-0.1325314896417562
1639,-0.38981894321897204
1640,0.28787333785812924
1641,0.3741771400847003
1642,0.06087724182289658
1643,-0.288037785531143
1644,-0.14650013458634473
1645,-0.30184875920423127
1646,0.026331163252170216
1647,-0.08189337070299638
1648,-0.0325730113269971
1649,0.051469546604966436
1650,0.07117786523131289
1651,0.09501960039400031
1652,0.2150445677976563
1653,0.4340751262513353
1654,0.06103119704476633
1655,0.049983357631231184
1656,-0.029744711171962805
1657,-0.2688094495318187
1658,0.035523577784045836
1659,-0.0689113320680518
1660,0.0180097219140478
1661,0.3757784468021351
1662,-0.20344211880356497
1663,0.1592704709446725
1664,0.16364615502590804
1665,0.3520607504592914
1666,-0.18421431303289776
1667,-0.28424965754678394
1668,0.1433326628852337
1669,-0.3201177809417938
1670,-0.05331519305816589
1671,0.4213182071845856
1672,0.0007365763954331172
1673,-0.3335089477311025
1674,0.13509772844474258
1675,-0.03279504016839889
1676,-0.05562053031604455
1677,-0.18852782434601933
1678,-0.029602782499181777
1679,0.12757404817710707
1680,0.043135427631493715
1681,0.15748624780593812
1682,-0.27099304975084115
1683,0.027895648087210068
1684,-0.05521614424175968
1685,-0.22549359375616695
1686,-0.024435956092639138
1687,0.17959090686618906
1688,0.15267419412007524
1689,-0.0013764388659722735
1690,0.3319046661870064
1691,-0.12606151062124257
1692,-0.03125846486605852
1693,0.1268795606621987
1694,0.07618376451477177
1695,-0.4421635727396169
1696,-0.02888317869112165
1697,0.2299726127593498
1698,-0.023487623046956035
1699,-0.3179482923035335
1700,-0.17165877279265865
1701,0.026634099783666716
1702,0.02445089555600564
1703,-0.08014767186912297
1704,0.13212907162485
1705,0.025318060768255598
1706,-0.09876901940728973
1707,-0.12966017341093977
1708,0.02386568745282732
1709,0.6797105015993197
1710,0.12210863740121906
1711,-0.019732274940650763
1712,-0.26078327168929044
1713,-0.11697163200479857
1714,0.23094270950881457
1715,-0.04117432306465987
1716,0.22896978821507216
1717,0.21374343782184577
1718,0.10254541166318362
1719,0.1534941206127156
1720,0.03283643101020521
1721,0.041754844854173793
1722,0.09439513898265703
1723,-0.06686264432171936
1724,0.28468078053188184
1725,-0.20894507818649108
1726,0.3684348824564415
1727,-0.17689402244517513
1728,0.6526781152779919
1729,-0.27477547188822
1730,-0.24566311901590726
1731,0.2913578340501459
1732,-0.29638013131340596
1733,-0.12322264405848701
1734,-0.15492881038296674
1735,0.13711839886690624
1736,0.39880199300802305
1737,-0.1944014677885381
1738,-0.01934250474909209
1739,-0.33515089138674353
1740,-0.22949189025992803
1741,0.007726402794194743
1742,-0.07856508149543989
1743,-0.03849836934958055
1744,0.11685469442804622
1745,-0.44271224663558734
1746,-0.04268351791442539
1747,-0.26918266447041583
1748,0.05062978637749081
1749,0.1697714702603123
1750,-0.16868766540310912
1751,0.159430280038937
1752,0.19912198424064453
1753,0.019841983641490923
1754,0.08150570487907793
1755,0.09713077908429943
1756,0.12022271051834862
1757,0.11945071422813977
1758,0.16596207050683923
1759,-0.043402436666068384
1760,0.02300141528320913
1761,-0.029800328527052482
1762,0.08967233872272601
1763,-0.37739970307070414
1764,0.3147967962365117
1765,-0.07437810419100378
1766,0.01662522292106351
1767,-0.027212479021156408
1768,-0.37145910538281035
1769,-0.2768121628814355
1770,-0.16090350789877483
1771,0.33699228927627806
1772,0.06703065459394603
1773,0.29661163922045475
1774,0.04372513384216053
1775,0.26520739455517317
1776,-0.20982715426949192
1777,0.1807129992518092
1778,0.26606040442072615
1779,-0.12780399955250635
1780,-0.145250181293534
1781,-0.27966640866258174
1782,-0.1075368023296359
1783,0.002136936462742184
1784,0.30348226936447126
1785,-0.11951195234405107
1786,0.4596699947752855
1787,0.0091474989891689
1788,0.013839057056444866
1789,-0.20840526638276016
1790,-0.16982608549695843
1791,-0.09370036694318058
1792,-0.3325425656869333
1793,-0.38292604834151434
1794,0.03352205185038148
1795,0.18111333758095477
1796,-0.08928465378237303
1797,0.17076229917315136
1798,0.03651933263448624
1799,0.05569855269141133
1800,0.3189608021545631
1801,-0.027588384142973946
1802,-0.23631080998034615
1803,0.1337921683998567
1804,-0.06598024906208337
1805,0.22507857220253305
1806,0.32521130138132875
1807,0.029019136028262057
1808,0.02789161292966676
1809,-0.3258973713340639
1810,0.03965649457780445
1811,0.10505528327541408
1812,-0.2730054393182906
1813,0.03532936240990472
1814,-0.290481451826567
1815,0.08559467857395531
1816,-0.056096208139298956
1817,-0.05125212463904987
1818,0.19091863796726855
1819,0.09396018208553275
1820,0.1567438363778976
1821,0.04988518603652125
1822,-0.21486341365160083
1823,0.18399847649256904
1824,0.18742828203809928
1825,-0.18320716213075078
1826,0.42025374164001345
1827,0.06796957129859911
1828,-0.04220221611134716
1829,0.0210230882889697
1830,-0.10151742066811649
1831,0.029604425542254228
1832,0.10658330547242446
1833,0.3554838867315024
1834,0.24552507438044752
1835,0.020970042972158962
1836,0.03673168757856563
1837,-0.022441039973353536
1838,0.043213410556922474
1839,0.01844197118191688
1840,0.1622876748153737
1841,-0.028969528613912728
1842,0.09043134117777606
1843,-0.018044886358682143
1844,-0.011406609933733006
1845,-0.18146921446583214
1846,0.11775655097815872
1847,0.29941387961724186
1848,0.08384183441131937
1849,-0.05614077360563971
1850,0.23399550449420214
1851,0.06996634743198067
1852,0.0796373868008907
1853,0.0016131480760780753
1854,-0.3031183785075707
1855,-0.07056160736909253
1856,0.0822021659634898
1857,-0.185946384368411
1858,0.1427634057299442
1859,-0.6312585112994495
1860,-0.18090323864334057
1861,-0.08037451815690823
1862,0.19759072697752955
1863,0.011751836738953195
1864,0.19564627234076315
1865,0.18913250801652282
1866,-0.12350587021092505
1867,0.04999686634613911
1868,0.048228798617942395
1869,-0.32180616297236325
1870,0.09178482885972195
1871,-0.2693473524718823
1872,-0.24735006348740707
1873,-0.07775484103614914
1874,-0.10551216475782041
1875,0.2344532437552544
1876,-0.24456083653629337
1877,-0.07498833949142832
1878,-0.13835304951866245
1879,0.19900983448625012
1880,-0.1547948207618154
1881,-0.0049418210668086176
1882,0.11794233236534984
1883,-0.025530550533546553
1884,0.13210879840668827
1885,-0.3696280806187358
1886,-0.33645890469970813
1887,-0.03412327529673836
1888,-0.0716646262221058
1889,-0.3358847467807777
1890,0.23848101543802605
1891,-0.00903955491988133
1892,0.17488474101893195
1893,0.05134406948561356
1894,-0.06888399711627523
1895,0.10151688106896456
1896,-0.021184900543590145
1897,-0.20286172899361254
1898,0.022174305417637166
1899,-0.14811259073155425
1900,0.13267878777379127
1901,-0.06774259453740862
1902,0.07264628466993242
1903,-0.2692042150149703
1904,-0.21808973416035743
1905,0.13329377417526003
1906,0.03749236823520865
1907,0.08338650877506584
1908,-0.04226517436514043
1909,0.24847646699384618
1910,0.09331311388525816
1911,-0.2335933292052103
1912,0.08065175694524124
1913,-0.48203422405988594
1914,-0.061122123222836625
1915,-0.04984307699016367
1916,-0.1422325401698711
1917,0.33946193087766624
1918,-0.1362758417206705
1919,0.03388689304095947
1920,-0.1416398248449735
1921,-0.0456119407760208
1922,0.10779099884226756
1923,-0.41100210536330006
1924,0.42688821163850854
1925,0.2035783137771158
1926,0.17254186242618966
1927,0.19485245877283472
1928,-0.036453390131607755
1929,0.11037096338747754
1930,0.009559126109720314
1931,-0.3474758827204976
1932,0.16311014720832326
1933,-0.10484948937320213
1934,-0.39999374458212217
1935,-0.08951550921603228
1936,0.28393601648281863
1937,-0.22035905792714225
1938,-0.004450307962198673
1939,-0.262644620598668
1940,0.23945516832136632
1941,-0.09453963837388726
1942,-0.14046534832181765
1943,-0.04876551547213725
1944,0.04888477538540744
1945,-0.4449729353432563
1946,-0.23794461690374538
1947,-0.37079622653705924
1948,0.1305897872294271
1949,0.07288424243049588
1950,0.1629535621258388
1951,-0.1325198953218727
1952,0.19898989328142638
1953,-0.036443317129619617
1954,-0.16695407930714581
1955,-0.31235821229785643
1956,0.1681432379714745
1957,-0.5604665999220474
1958,-0.08050904386604173
1959,0.04359749943756885
1960,-0.379277940272368
1961,0.009610209569510222
1962,-0.051098581294860376
1963,0.17009081760933237
1964,-0.07415709582015169
1965,-0.15011424618762567
1966,-0.46270518017129253
1967,-0.18683352256378882
1968,-0.2677128324311934
1969,0.20814919441371288
1970,-0.05747938135619408
1971,-0.09066628249968517
1972,-0.14474568226568557
1973,-0.03573978218295366
1974,0.008754106022521378
1975,0.5146222787712504
1976,0.029039332496968516
1977,0.10614559078827768
1978,-0.09528900504517189
1979,0.3216746212377163
1980,-0.08917107700282428
1981,0.2335360973261316
1982,-0.2840368537178073
1983,0.22487462120952292
1984,0.04313857968352835
1985,-0.09783505930976888
1986,0.10203338483525541
1987,-0.017347218262077774
1988,-0.19858035388190823
1989,0.13970405885360093
1990,-0.07109414338313208
1991,0.0673122477760874
1992,-0.35316242149763644
1993,-0.04753552709413104
1994,0.11994324353836672
1995,-0.20680517631393405
1996,-0.12167272585428321
1997,-0.052270970582623116
1998,0.09847255454285885
1999,-0.0738545335498339
2000,0.19398428161709277
