match_id,home_pressure,away_pressure,home_history_matches,away_history_matches
8824032,,,0,0
8824033,,,0,0
8824034,,,0,0
8824035,,,0,0
8824038,,,0,0
8824041,,,0,0
8824043,,,0,0
8824044,,,0,0
8824045,,,0,0
8824046,,,0,0
8824049,3.0,0.0,1,1
8824056,0.0,1.0,1,1
8824061,3.0,1.0,1,1
8824065,5.0,0.0,1,1
8824067,3.0,1.0,1,1
8824070,0.0,3.0,1,1
8824071,0.0,2.0,1,1
8824073,2.0,0.0,1,1
8824076,1.0,1.0,1,1
8824051,0.5,3.0,2,1
8824052,2.5,3.0,2,1
8824055,1.0,1.0,1,1
8824059,2.5,0.0,2,1
8824062,0.0,1.0,1,1
8824063,2.0,1.0,1,1
8824068,1.0,0.0,1,2
8824101,1.0,0.0,1,1
8824109,0.0,3.0,1,1
8824156,2.0,0.0,1,1
9139544,0.5,0.5,2,2
8824050,0.5,0.6666666666666666,2,3
8824053,2.0,0.6666666666666666,2,3
8824057,0.0,2.0,2,2
8824058,2.0,1.0,3,2
8824066,1.0,0.3333333333333333,2,3
8824099,2.0,2.0,2,3
8824102,1.5,0.5,2,2
8824105,1.5,0.5,2,2
8824106,0.5,0.6666666666666666,2,3
8824108,1.5,0.5,2,2
8824054,0.25,2.0,4,3
8824090,1.5,1.0,4,3
8824091,1.6666666666666667,1.6666666666666667,3,3
8824092,0.6666666666666666,1.0,3,3
8824096,1.6666666666666667,1.0,3,3
8824100,0.6666666666666666,1.0,3,3
8824103,1.0,0.75,4,4
8824112,2.0,2.0,3,4
8824117,0.6666666666666666,2.0,3,3
8824104,0.6,1.75,5,4
8824080,1.0,1.5,3,4
8824084,1.75,1.2,4,5
8824085,1.25,0.5,4,4
8824086,0.75,1.0,4,4
8824095,1.0,0.6666666666666666,5,3
8824097,2.0,0.75,4,4
8824107,2.0,1.6,3,5
8824204,1.25,1.5,4,4
8824079,0.8,0.5,5,6
8824082,2.0,0.8333333333333334,5,6
8824087,0.75,1.75,4,4
8824089,1.5,1.6,6,5
8824163,2.0,1.4,5,5
8824176,1.6666666666666667,0.75,6,4
8824185,0.8,1.6,5,5
8824200,1.6,1.4,5,5
8824202,1.4,0.8,5,5
8824081,0.8,2.0,5,5
8824088,1.4,1.5,5,6
8824162,0.8333333333333334,1.0,6,5
8824165,1.8333333333333333,2.142857142857143,6,7
8824184,1.0,1.8333333333333333,5,6
8824187,0.75,0.6666666666666666,4,6
8824190,0.42857142857142855,1.4285714285714286,7,7
8824199,1.1666666666666667,0.6666666666666666,6,6
8824203,1.5,1.6666666666666667,6,6
8824152,1.25,0.6666666666666666,8,6
8824157,2.25,1.1428571428571428,8,7
8824166,0.8571428571428571,1.0,7,7
8824172,0.5714285714285714,0.8333333333333334,7,6
8824182,1.1666666666666667,1.8571428571428572,6,7
8824188,1.4285714285714286,0.5,7,8
8824189,1.5714285714285714,1.0,7,5
8824205,1.8333333333333333,1.5714285714285714,6,7
8824211,1.0,0.6,6,5
8824193,2.1666666666666665,1.1666666666666667,6,6
8824160,1.0,1.75,8,8
9242606,0.7142857142857143,1.0,7,7
8824194,1.8571428571428572,0.75,7,8
8824154,0.6666666666666666,1.1428571428571428,6,7
8824183,0.5,1.25,6,8
8824178,1.5555555555555556,0.42857142857142855,9,7
8824191,1.875,0.875,8,8
8824192,1.1428571428571428,1.625,7,8
8824212,1.2222222222222223,0.8888888888888888,9,9
9398797,0.4444444444444444,0.375,9,8
9398799,0.8571428571428571,1.25,7,8
9398848,0.8,1.5,10,8
9398852,1.5555555555555556,1.4,9,10
9398868,0.7777777777777778,0.75,9,8
9398869,1.875,1.7777777777777777,8,9
9398874,1.375,0.8333333333333334,8,6
9398879,1.375,0.625,8,8
9400336,1.8571428571428572,2.2222222222222223,7,9
9400352,0.6666666666666666,1.2,9,10
9398878,1.6,0.5555555555555556,10,9
9398877,0.7142857142857143,2.2,7,10
9398850,1.3333333333333333,0.7,9,10
9398851,0.4,0.8181818181818182,10,11
9398853,0.3333333333333333,1.6,9,10
9398854,1.2727272727272727,0.875,11,8
9398855,1.4444444444444444,1.1818181818181819,9,11
9398900,0.75,0.7,8,10
9398901,0.5,1.8888888888888888,10,9
9398908,0.6666666666666666,1.6363636363636365,9,11
9398946,1.75,1.3333333333333333,8,9
9412789,2.1818181818181817,1.4444444444444444,11,9
9422569,0.7,2.25,10,12
9422570,1.3333333333333333,1.3,12,10
9422571,0.7777777777777778,1.9,9,10
9422572,0.45454545454545453,1.6666666666666667,11,9
9422573,1.6363636363636365,0.36363636363636365,11,11
9422574,1.0,0.3,11,10
9422575,1.0833333333333333,1.4,12,10
9422584,1.3,1.4,10,10
9422585,0.8333333333333334,1.0,12,9
9424877,0.4166666666666667,1.2727272727272727,12,11
9424878,1.1818181818181819,1.1,11,10
9424884,0.7272727272727273,1.6,11,10
9424885,0.7272727272727273,0.7,11,10
9424886,2.0,1.2727272727272727,11,11
9424879,0.38461538461538464,1.4615384615384615,13,13
9424880,1.25,1.5833333333333333,12,12
9424881,1.0,1.1538461538461537,11,13
9424882,1.1666666666666667,1.0833333333333333,12,12
9424883,0.45454545454545453,0.7692307692307693,11,13
9424888,2.3076923076923075,0.6666666666666666,13,12
9424896,0.5,1.2727272727272727,12,11
9424898,1.8333333333333333,0.6666666666666666,12,12
9424907,1.1666666666666667,0.6363636363636364,12,11
9424887,1.7272727272727273,1.5833333333333333,11,12
9431750,1.25,0.6153846153846154,12,13
9434155,1.0,0.5,12,12
9434156,0.35714285714285715,1.1538461538461537,14,13
9431707,0.7857142857142857,1.1538461538461537,14,13
9431708,1.1428571428571428,0.4666666666666667,14,15
9431709,1.3571428571428572,1.2307692307692308,14,13
9431710,0.46153846153846156,1.1428571428571428,13,14
9431711,1.5384615384615385,1.1538461538461537,13,13
9431737,1.4615384615384615,2.2142857142857144,13,14
9431742,1.2307692307692308,1.9230769230769231,13,13
9431743,0.5714285714285714,1.75,14,12
9431751,0.5384615384615384,0.6666666666666666,13,12
9431752,0.6153846153846154,1.0769230769230769,13,13
9431712,1.2857142857142858,1.1428571428571428,14,14
9431720,1.1428571428571428,0.5,14,14
9431736,0.9230769230769231,0.6,13,15
9431740,1.1428571428571428,1.6153846153846154,14,13
9431741,1.0769230769230769,1.3571428571428572,13,14
9431747,2.1333333333333333,0.6428571428571429,15,14
9431749,2.0,0.6153846153846154,14,13
9431718,1.3333333333333333,1.3333333333333333,15,15
9431721,1.0666666666666667,0.4375,15,16
9431735,1.3333333333333333,1.2,15,15
9431717,1.1333333333333333,1.5714285714285714,15,14
9431719,1.2,0.7333333333333333,15,15
9431731,1.5,0.8571428571428571,14,14
9431732,2.125,1.9333333333333333,16,15
9431738,0.5625,1.0,16,14
9431739,0.5714285714285714,0.6666666666666666,14,15
9431722,1.2,1.25,15,16
9431723,1.25,1.1875,16,16
9431724,0.5333333333333333,1.0,15,16
9431725,0.75,1.4666666666666666,16,15
9431729,0.47058823529411764,1.5625,17,16
9431730,0.7333333333333333,1.125,15,16
9431733,2.0,1.5333333333333334,16,15
9431734,0.625,0.5882352941176471,16,17
9431746,1.2,2.1176470588235294,15,17
9431748,1.0666666666666667,1.5,15,16
9574009,1.1176470588235294,0.4444444444444444,17,18
9574011,1.0,0.5625,16,16
9574026,0.7647058823529411,,17,0
9574030,1.25,1.1764705882352942,16,17
9574031,1.4375,1.5294117647058822,16,17
9574033,1.1176470588235294,1.375,17,16
9574035,1.1764705882352942,1.8823529411764706,17,17
9574037,1.1176470588235294,1.125,17,16
9574155,,0.5555555555555556,0,18
9574312,1.0,2.0555555555555554,16,18
9574021,1.8333333333333333,1.1111111111111112,18,18
9574023,1.1176470588235294,2.0,17,1
9574028,1.3529411764705883,0.8333333333333334,17,18
9574032,1.0588235294117647,1.0555555555555556,17,18
9574036,0.5263157894736842,1.411764705882353,19,17
9574126,0.5263157894736842,1.1764705882352942,19,17
9574164,0.6470588235294118,1.9473684210526316,17,19
9574176,1.2222222222222223,1.0555555555555556,18,18
9574212,1.5,0.9411764705882353,18,17
9574554,0.0,1.1666666666666667,1,18
9574335,1.9473684210526316,1.105263157894737,19,19
9574029,1.2105263157894737,0.8421052631578947,19,19
9574034,1.8421052631578947,0.6,19,20
9574039,1.0526315789473684,1.1578947368421053,19,19
9574077,1.3888888888888888,1.1111111111111112,18,18
9574080,1.0555555555555556,1.0555555555555556,18,18
9574154,1.1666666666666667,1.3888888888888888,18,18
9574184,0.6470588235294118,2.5,17,2
9574366,1.105263157894737,1.5,19,2
9574070,0.5714285714285714,1.2,21,20
9574076,1.4210526315789473,1.0526315789473684,19,19
9574107,1.4210526315789473,1.15,19,20
9574110,1.4736842105263157,0.6666666666666666,19,18
9574118,1.0526315789473684,1.1578947368421053,19,19
9574144,1.3333333333333333,1.9,3,20
9574208,1.15,1.15,20,20
9574220,2.3333333333333335,1.9,3,20
9574238,0.8,1.1578947368421053,20,19
9574333,1.05,0.55,20,20
9574346,1.8095238095238095,1.45,21,20
9574046,1.0952380952380953,1.2380952380952381,21,21
9574064,0.5714285714285714,1.15,21,20
9574142,1.1904761904761905,0.5909090909090909,21,22
9574148,1.5,1.8571428571428572,20,21
9574152,0.6842105263157895,1.35,19,20
9574189,1.0476190476190477,2.0,21,4
9574202,1.15,1.0,20,20
9574305,1.0952380952380953,0.8571428571428571,21,21
9749919,0.5909090909090909,1.3333333333333333,22,21
9574047,1.25,1.4285714285714286,4,21
9574049,1.8181818181818181,1.2,22,20
9574050,1.1818181818181819,1.1363636363636365,22,22
9574053,0.8181818181818182,1.1363636363636365,22,22
9574062,1.3636363636363635,1.8181818181818181,22,22
9574102,1.1904761904761905,1.0476190476190477,21,21
9574115,0.6521739130434783,1.1363636363636365,23,22
9574170,1.1428571428571428,0.7,21,20
9574181,1.0,0.6086956521739131,21,23
9574361,2.0,1.380952380952381,4,21
9780717,1.1428571428571428,1.4,21,5
9574105,1.7826086956521738,1.1363636363636365,23,22
9574052,1.1304347826086956,1.7391304347826086,23,23
9574128,1.3181818181818181,1.1818181818181819,22,22
9574149,1.1818181818181819,1.0869565217391304,22,23
9574173,0.9130434782608695,1.173913043478261,23,23
9574196,0.625,0.6666666666666666,24,21
9574200,1.0454545454545454,1.8,22,5
9574203,1.3636363636363635,0.8333333333333334,22,24
9574269,1.3043478260869565,1.0909090909090908,23,22
9574292,1.0869565217391304,1.3333333333333333,23,6
9574040,1.0416666666666667,1.1666666666666667,24,24
9574041,0.88,1.4285714285714286,25,7
9574042,1.125,1.2608695652173914,24,23
9574057,0.6818181818181818,1.0,22,23
9574135,1.7083333333333333,0.875,24,24
9574163,1.0434782608695652,1.2608695652173914,23,23
9574177,1.173913043478261,1.7916666666666667,23,24
9574194,2.0,1.3333333333333333,6,24
9574217,1.173913043478261,0.64,23,25
9574323,1.0416666666666667,1.3478260869565217,24,23
9574094,1.84,0.6153846153846154,25,26
9574043,1.375,1.0,24,25
9574044,0.92,0.8846153846153846,25,26
9574100,1.8571428571428572,1.1666666666666667,7,24
9574133,1.375,1.12,8,25
9574139,1.2083333333333333,1.2,24,25
9574169,1.2916666666666667,1.2916666666666667,24,24
9574183,1.0416666666666667,0.6818181818181818,24,22
9574197,1.28,1.0,25,23
9574138,1.76,1.08,25,25
9574245,1.8076923076923077,1.875,26,8
9574048,0.8518518518518519,1.7307692307692308,27,26
9574051,1.4,1.24,25,25
9574109,0.6956521739130435,1.16,23,25
9574145,0.9583333333333334,1.24,24,25
9574157,0.6296296296296297,1.04,27,25
9574167,1.32,1.2692307692307692,25,26
9574262,1.1538461538461537,1.0769230769230769,26,26
9574311,1.3333333333333333,1.0384615384615385,9,26
9574322,1.0,1.1538461538461537,26,26
9574045,1.3076923076923077,0.8214285714285714,26,28
9574061,1.1111111111111112,1.3461538461538463,27,26
9574075,1.1851851851851851,1.1111111111111112,27,27
9574186,1.1851851851851851,1.1111111111111112,27,27
9574159,1.7407407407407407,1.4,27,10
9574058,1.1153846153846154,0.6071428571428571,26,28
9574067,2.0,1.3076923076923077,9,26
9574087,1.0714285714285714,1.2857142857142858,28,28
9574098,1.0714285714285714,1.2962962962962963,28,27
9574131,1.1071428571428572,0.8620689655172413,28,29
9574132,1.2592592592592593,0.75,27,24
9574158,1.6363636363636365,1.3333333333333333,11,27
9574165,1.25,1.7857142857142858,28,28
9574038,1.8148148148148149,1.0,27,25
9574056,1.8275862068965518,1.1379310344827587,29,29
9574063,0.5862068965517241,1.9,29,10
9574071,0.8666666666666667,1.0689655172413792,30,29
9574074,1.1111111111111112,1.2857142857142858,27,28
9574090,1.3214285714285714,1.0344827586206897,28,29
9574106,0.8,1.1923076923076923,25,26
9574122,1.3571428571428572,1.6666666666666667,28,12
9574162,1.2962962962962963,1.0384615384615385,27,26
9574175,1.2413793103448276,1.2758620689655173,29,29
9917723,1.0740740740740742,1.1153846153846154,27,26
9574172,1.75,1.3103448275862069,28,29
9574055,1.1333333333333333,1.3793103448275863,30,29
9574060,1.8,1.0666666666666667,30,30
9574082,1.8181818181818181,0.8461538461538461,11,26
9574085,1.1428571428571428,1.1428571428571428,28,28
9574104,1.6153846153846154,1.2,13,30
9574117,1.2333333333333334,1.0,30,30
9574216,1.1111111111111112,1.2857142857142858,27,28
9574258,1.1851851851851851,0.5666666666666667,27,30
9574278,0.8709677419354839,1.3103448275862069,31,29
9574054,1.3666666666666667,1.2258064516129032,30,31
9574059,1.3666666666666667,1.2580645161290323,30,31
9574101,1.2413793103448276,1.793103448275862,29,29
9574129,1.103448275862069,1.1071428571428572,29,28
9574137,1.3,1.1785714285714286,30,28
9574143,1.75,1.1379310344827587,12,29
9574151,1.6428571428571428,0.84375,14,32
9574187,1.032258064516129,1.096774193548387,31,31
9574188,0.967741935483871,1.7419354838709677,31,31
9574204,0.8148148148148148,0.5483870967741935,27,31
9925018,1.1379310344827587,1.7666666666666666,29,30
9574235,1.7419354838709677,1.1,31,30
9574234,1.28125,0.8787878787878788,32,33
9574297,1.1,1.2903225806451613,30,31
9574390,1.103448275862069,0.8928571428571429,29,28
9574419,0.53125,1.2333333333333334,32,30
9574421,1.71875,1.3225806451612903,32,31
9574495,1.09375,1.6,32,15
9574503,1.09375,0.96875,32,32
9574260,1.21875,1.3225806451612903,32,31
9574279,1.0,1.0909090909090908,33,33
9574372,1.096774193548387,1.6875,31,32
9574387,1.096774193548387,1.1333333333333333,31,30
9574396,1.34375,0.5454545454545454,32,33
9574413,1.5625,1.0909090909090908,16,33
9574437,0.8529411764705882,1.2424242424242424,34,33
9574456,1.28125,1.303030303030303,32,33
9574476,1.7692307692307692,1.1333333333333333,13,30
9574547,0.9655172413793104,1.1935483870967742,29,31
9574321,1.696969696969697,1.0,33,30
9574233,1.3636363636363635,2.0714285714285716,33,14
9574275,1.15625,1.1875,32,32
9574334,0.8571428571428571,1.0,35,34
9574345,1.3529411764705883,1.4705882352941178,34,17
9574367,0.5294117647058824,1.1290322580645162,34,31
9574378,1.1290322580645162,1.09375,31,32
9574518,1.2647058823529411,1.8484848484848484,34,33
9574501,1.1818181818181819,1.125,33,32
9574293,1.2285714285714286,1.0571428571428572,35,35
9574445,0.5142857142857142,1.6470588235294117,35,34
9574484,1.2424242424242424,2.1333333333333333,33,15
9574232,1.096774193548387,1.121212121212121,31,33
9574251,1.3125,1.3888888888888888,32,18
9574313,1.09375,1.3235294117647058,32,34
9574343,1.3714285714285714,1.088235294117647,35,34
9574494,1.2424242424242424,1.088235294117647,33,34
10040295,1.3636363636363635,1.8235294117647058,33,34
9574359,0.8888888888888888,1.3529411764705883,36,34
9574263,1.1142857142857143,1.25,35,36
9574331,1.121212121212121,1.15625,33,32
9574467,1.3428571428571427,1.3235294117647058,35,34
9574502,1.1764705882352942,1.1470588235294117,34,34
9574520,1.0277777777777777,1.4444444444444444,36,36
9574451,1.6571428571428573,1.1176470588235294,35,34
9574223,1.1428571428571428,2.0625,35,16
9574363,1.121212121212121,1.3333333333333333,33,36
9574370,1.1515151515151516,1.1714285714285715,33,35
9574381,1.2702702702702702,1.368421052631579,37,19
9574395,1.0857142857142856,1.4324324324324325,35,37
9574431,1.2058823529411764,0.8648648648648649,34,37
9574450,1.3428571428571427,1.0833333333333333,35,36
9574462,0.5277777777777778,1.3142857142857143,36,35
9574215,1.3513513513513513,1.1111111111111112,37,36
9574224,1.1944444444444444,0.5405405405405406,36,37
9574273,1.3888888888888888,1.3428571428571427,36,35
9574338,0.868421052631579,1.054054054054054,38,37
9574371,1.1428571428571428,1.1470588235294117,35,34
9574417,1.0,1.0555555555555556,37,36
9574429,1.3055555555555556,1.1176470588235294,36,34
9574472,1.4210526315789473,1.263157894736842,38,38
9574491,1.35,1.7714285714285714,20,35
9574513,2.1176470588235294,1.6666666666666667,17,36
9574222,0.5789473684210527,1.368421052631579,38,38
10032442,1.0263157894736843,1.3611111111111112,38,36
10073442,1.054054054054054,1.75,37,36
10015057,1.1111111111111112,2.111111111111111,36,18
10061932,1.0526315789473684,1.4324324324324325,38,37
9574244,0.8974358974358975,1.4102564102564104,39,39
9574247,2.0,1.3333333333333333,19,39
9574310,1.2307692307692308,1.3783783783783783,39,37
9574342,1.0,1.0,39,38
9574375,1.162162162162162,1.135135135135135,37,37
9574457,1.0769230769230769,1.3333333333333333,39,21
9574458,1.7297297297297298,1.4473684210526316,37,38
9574542,1.1428571428571428,0.5641025641025641,35,39
9574316,1.3243243243243243,1.162162162162162,37,37
10104723,1.1428571428571428,1.6756756756756757,35,37
9574226,1.2894736842105263,1.1842105263157894,38,38
9574314,1.4,1.435897435897436,40,39
9574368,2.05,1.131578947368421,20,38
9574393,1.25,0.875,40,40
9574430,1.3421052631578947,1.7105263157894737,38,38
9574435,1.1666666666666667,1.1111111111111112,36,36
9574438,1.35,1.7105263157894737,40,38
9574446,0.9743589743589743,1.3181818181818181,39,22
9574477,0.975,1.1,40,40
10105529,1.6923076923076923,0.8780487804878049,39,41
10107290,1.3043478260869565,1.3333333333333333,23,39
9574236,1.7179487179487178,1.131578947368421,39,38
9573962,1.3902439024390243,1.7,41,40
9574382,1.1025641025641026,1.3170731707317074,39,41
9574442,1.0731707317073171,0.8809523809523809,41,42
9574519,1.25,0.9512195121951219,24,41
9574529,1.425,1.2439024390243902,40,41
10087879,1.1,1.2564102564102564,40,39
10116338,1.7,1.0810810810810811,40,37
10121599,1.1025641025641026,1.1891891891891893,39,37
9574225,0.55,1.0731707317073171,40,41
9574286,1.275,1.6829268292682926,40,41
9574299,0.9302325581395349,1.24,43,25
9574427,1.2142857142857142,1.0714285714285714,42,42
9574440,1.3095238095238095,1.205128205128205,42,39
9574466,1.1842105263157894,2.0952380952380953,38,21
9574530,1.3571428571428572,1.375,42,40
9574533,0.9761904761904762,1.6585365853658536,42,41
9574534,0.95,1.4878048780487805,40,41
10115643,1.3414634146341464,0.926829268292683,41,41
10116337,2.0,0.5609756097560976,22,41
9574480,1.6666666666666667,0.5476190476190477,42,42
9574221,1.2,1.1794871794871795,40,39
9574261,1.302325581395349,1.0789473684210527,43,38
9574280,1.6428571428571428,1.2093023255813953,42,43
9574320,1.9130434782608696,1.2926829268292683,23,41
9574388,1.4761904761904763,1.069767441860465,42,43
9574404,1.3333333333333333,0.9534883720930233,42,43
9574439,1.2692307692307692,1.372093023255814,26,43
9574500,1.0476190476190477,1.1,42,40
9574532,0.9285714285714286,0.9318181818181818,42,44
10121601,1.6046511627906976,1.0,43,43
10115645,1.0512820512820513,1.2857142857142858,39,42
10115646,1.6511627906976745,1.2195121951219512,43,41
9574242,0.5348837209302325,1.9166666666666667,43,24
9574290,1.0681818181818181,1.3488372093023255,44,43
9574341,1.025,1.6363636363636365,40,44
9574373,1.3255813953488371,1.2727272727272727,43,44
9574408,1.0975609756097562,1.2142857142857142,41,42
9574422,1.2962962962962963,1.4651162790697674,27,43
9574455,1.2045454545454546,0.9545454545454546,44,44
9574487,1.3863636363636365,1.0,44,44
9574506,1.15,1.0930232558139534,40,43
9574543,0.9777777777777777,1.6136363636363635,45,44
9574328,1.2093023255813953,1.88,43,25
10160956,1.0714285714285714,0.5227272727272727,42,44
9573944,1.4444444444444444,1.0666666666666667,45,45
9574268,1.0222222222222221,1.1777777777777778,45,45
9574294,1.3409090909090908,1.4772727272727273,44,44
9574306,1.1818181818181819,1.6,44,45
9574377,1.1219512195121952,1.0930232558139534,41,43
9574385,0.9333333333333333,0.9565217391304348,45,46
9574392,1.6444444444444444,1.25,45,28
9574405,1.8461538461538463,1.0,26,41
9574463,1.3863636363636365,1.0681818181818181,44,44
9574499,1.2666666666666666,0.5333333333333333,45,45
10160957,0.5217391304347826,1.0952380952380953,46,42
10121600,1.0,1.8888888888888888,42,27
9574538,1.565217391304348,1.3043478260869565,46,46
9574246,1.173913043478261,1.4444444444444444,46,45
9574337,1.5333333333333334,1.6304347826086956,45,46
9574365,1.2413793103448276,1.0,29,46
9574380,0.9361702127659575,1.3333333333333333,47,45
9574383,1.0666666666666667,0.9565217391304348,45,46
9574406,0.9767441860465116,1.1162790697674418,43,43
9574432,1.0909090909090908,1.4,44,45
9574434,0.5319148936170213,1.1555555555555554,47,45
9574521,1.0666666666666667,1.8214285714285714,45,28
10160959,1.0666666666666667,0.9545454545454546,45,44
9573943,0.9166666666666666,1.1702127659574468,48,47
9574240,1.434782608695652,0.9555555555555556,46,45
9574287,1.5957446808510638,1.0869565217391304,47,46
9574288,1.5434782608695652,1.4565217391304348,46,46
9574307,1.0434782608695652,1.3191489361702127,46,47
9574325,0.9787234042553191,1.3478260869565217,47,46
9574416,1.7586206896551724,1.1521739130434783,29,46
9574444,1.0434782608695652,1.553191489361702,46,47
9574447,0.9361702127659575,1.2333333333333334,47,30
9574544,1.0909090909090908,0.5416666666666666,44,48
9573960,1.5208333333333333,1.7333333333333334,48,30
9573946,1.3191489361702127,1.1458333333333333,47,48
9573967,1.0217391304347827,1.0638297872340425,46,47
9573990,1.2916666666666667,1.0888888888888888,48,45
9574006,1.2580645161290323,0.8979591836734694,31,49
9574010,1.127659574468085,1.446808510638298,47,47
9574015,1.0638297872340425,0.9791666666666666,47,48
9574018,0.5510204081632653,1.0425531914893618,49,47
9574024,0.9166666666666666,1.5319148936170213,48,47
9574265,1.5833333333333333,1.446808510638298,48,47
9573968,0.92,1.0204081632653061,50,49
9573974,1.7096774193548387,1.0208333333333333,31,48
9573979,1.2916666666666667,1.4375,48,48
9573996,1.489795918367347,1.108695652173913,49,46
9574001,1.5714285714285714,0.8979591836734694,49,49
9574004,1.163265306122449,1.5416666666666667,49,48
9574007,1.0416666666666667,1.1041666666666667,48,48
9574014,1.28125,1.0416666666666667,32,48
9574017,1.0,1.2653061224489797,47,49
9574546,1.4375,0.54,48,50
9573955,1.34,1.6875,50,32
9573957,1.5510204081632653,0.9215686274509803,49,51
9573965,1.1224489795918366,0.9791666666666666,49,48
9573972,1.0204081632653061,1.0204081632653061,49,49
9573977,0.88,1.2653061224489797,50,49
9573982,1.0204081632653061,1.18,49,50
9573988,0.5882352941176471,1.5,51,50
9573998,1.02,1.54,50,50
9573999,1.0851063829787233,1.4489795918367347,47,49
9574003,1.4489795918367347,1.2727272727272727,49,33
9573970,1.4705882352941178,1.44,51,50
9573949,1.0392156862745099,0.8627450980392157,51,51
9573952,0.9795918367346939,1.0,49,50
9573958,1.1764705882352942,1.5294117647058822,51,51
9573971,1.04,1.58,50,50
9573983,1.04,0.5769230769230769,50,52
9573987,1.7272727272727273,1.1458333333333333,33,48
9573995,1.18,1.3137254901960784,50,51
9574022,1.48,0.9230769230769231,50,52
9574027,1.3,1.2352941176470589,50,34
9573947,1.6274509803921569,1.0384615384615385,51,52
9573953,1.4313725490196079,1.7058823529411764,51,34
9573956,1.2571428571428571,1.1730769230769231,35,52
9573969,1.5192307692307692,1.2941176470588236,52,51
9573992,1.1428571428571428,1.1764705882352942,49,51
9574008,0.9056603773584906,1.0196078431372548,53,51
9574019,0.8461538461538461,1.4705882352941178,52,51
9574025,1.3461538461538463,1.0392156862745099,52,51
9574537,1.0,1.4807692307692308,51,52
9574551,0.6226415094339622,0.98,53,50
10387816,,1.3333333333333333,0,36
10387835,,1.0192307692307692,0,52
10387836,1.0377358490566038,1.5961538461538463,53,52
10387841,1.7142857142857142,1.4528301886792452,35,53
10387974,,1.12,0,50
10387977,1.2884615384615385,1.150943396226415,52,53
10388044,1.1538461538461537,0.9803921568627451,52,51
10388048,1.0192307692307692,0.8679245283018868,52,53
10388051,1.3396226415094339,1.4038461538461537,53,52
10388063,0.9259259259259259,1.0576923076923077,54,52
10387827,1.2972972972972974,1.6666666666666667,37,36
10387830,1.1296296296296295,1.0,54,1
10387831,1.0754716981132075,1.0185185185185186,53,54
10387837,1.6037735849056605,1.2641509433962264,53,53
10387882,1.462962962962963,1.0,54,1
10387979,1.3773584905660377,1.150943396226415,53,53
10387984,1.0980392156862746,1.3148148148148149,51,54
10388058,1.0377358490566038,1.0188679245283019,53,53
10388069,0.9074074074074074,2.0,54,1
10388070,0.9615384615384616,0.9454545454545454,52,55
10387840,0.5,1.6481481481481481,2,54
10387845,1.2407407407407407,1.0363636363636364,54,55
10387853,1.3421052631578947,1.4363636363636363,38,55
10387854,1.0925925925925926,1.6216216216216217,54,37
10387863,2.0,1.1090909090909091,2,55
10388054,0.9622641509433962,0.8909090909090909,53,55
10388068,1.1153846153846154,1.037037037037037,52,54
10388071,0.9642857142857143,1.3888888888888888,56,54
10388074,1.290909090909091,2.0,55,2
10388079,1.0555555555555556,1.1481481481481481,54,54
10387842,1.6363636363636365,1.358974358974359,55,39
10387847,1.4821428571428572,1.2727272727272727,56,55
10387851,1.5789473684210527,1.6666666666666667,38,3
10387866,1.0892857142857142,1.1272727272727272,56,55
10387872,1.0357142857142858,0.6666666666666666,56,3
10388009,1.1272727272727272,1.0175438596491229,55,57
10388013,1.3636363636363635,1.0909090909090908,55,55
10388076,0.8928571428571429,1.1320754716981132,56,53
10388104,2.0,0.9444444444444444,2,54
10388122,1.0363636363636364,1.290909090909091,55,55
10387855,1.105263157894737,1.5384615384615385,57,39
10387858,1.3035714285714286,1.5,56,4
10387865,1.25,1.6428571428571428,4,56
10387962,1.456140350877193,1.125,57,56
10388081,1.1111111111111112,1.125,54,56
10388096,1.3035714285714286,0.8771929824561403,56,57
10388119,1.0517241379310345,1.0535714285714286,58,56
10388129,1.3333333333333333,1.1071428571428572,3,56
10388131,0.9454545454545454,1.3571428571428572,55,56
10388169,1.325,1.0350877192982457,40,57
10387860,1.631578947368421,1.4655172413793103,57,58
10387874,1.5,1.3333333333333333,40,57
10387876,1.105263157894737,1.4146341463414633,57,41
10387877,1.0172413793103448,1.1379310344827587,58,58
10387891,1.2,1.2,5,5
10388073,1.087719298245614,0.9464285714285714,57,56
10388088,1.3508771929824561,1.1090909090909091,57,55
10388116,1.1403508771929824,1.3157894736842106,57,57
10388123,1.0526315789473684,1.0,57,4
10388146,0.896551724137931,1.0338983050847457,58,59
10387888,1.0,1.5254237288135593,6,59
10387909,1.3333333333333333,1.3103448275862069,6,58
10387926,1.603448275862069,1.1206896551724137,58,58
10387935,1.4523809523809523,1.1355932203389831,42,59
10387992,1.0862068965517242,1.3103448275862069,58,58
10388093,1.0333333333333334,0.8,60,5
10388098,0.9473684210526315,1.1071428571428572,57,56
10388107,1.1724137931034482,1.0689655172413792,58,58
10388128,1.3620689655172413,0.8813559322033898,58,59
10388163,1.0,1.5121951219512195,59,41
10694352,0.8833333333333333,1.2033898305084745,60,59
10694353,1.305084745762712,1.0163934426229508,59,61
10694351,1.1228070175438596,1.1355932203389831,57,59
10387886,1.305084745762712,1.1016949152542372,59,59
10387889,1.1428571428571428,1.0166666666666666,7,60
10387903,1.4285714285714286,1.4651162790697674,7,43
10387932,1.5,1.6610169491525424,42,59
10387937,1.1333333333333333,1.5,60,60
10388083,1.3166666666666667,0.9310344827586207,60,58
10388090,0.6666666666666666,1.2166666666666666,6,60
10388103,0.8852459016393442,1.1833333333333333,61,60
10388110,1.1206896551724137,1.0161290322580645,58,62
10388125,1.1016949152542372,1.3728813559322033,59,59
10698042,1.1311475409836065,1.6333333333333333,61,60
10717735,1.5081967213114753,1.0327868852459017,61,61
10387892,1.5161290322580645,1.4883720930232558,62,43
10387900,1.639344262295082,1.375,61,8
10387925,1.0161290322580645,1.3166666666666667,62,60
10387956,1.0833333333333333,1.1774193548387097,60,62
10387958,1.4545454545454546,1.25,44,8
10388121,1.2622950819672132,1.3666666666666667,61,60
10388132,0.9322033898305084,0.7142857142857143,59,7
10388134,1.1967213114754098,1.0,61,63
10388136,1.3278688524590163,1.1666666666666667,61,60
10388153,1.1016949152542372,0.8870967741935484,59,62
10698037,1.4545454545454546,1.5555555555555556,44,9
10698040,0.75,1.3770491803278688,8,61
10698046,1.180327868852459,0.9333333333333333,61,60
10387897,1.2063492063492063,1.3442622950819672,63,61
10387902,1.4444444444444444,1.5238095238095237,9,63
10387913,1.4444444444444444,1.0819672131147542,45,61
10387972,1.4,1.0,10,63
10387973,1.4222222222222223,1.6612903225806452,45,62
10387986,1.1774193548387097,1.1,62,60
10387987,1.2741935483870968,1.2741935483870968,62,62
10388067,0.984375,0.9180327868852459,64,61
10388087,1.3548387096774193,1.3225806451612903,62,62
10388120,0.8888888888888888,0.9047619047619048,9,63
10698041,1.0806451612903225,1.3,62,10
10703648,1.3387096774193548,1.434782608695652,62,46
10387934,1.3650793650793651,1.4565217391304348,63,46
10387943,1.203125,1.3636363636363635,64,11
10387950,1.5,1.6349206349206349,64,63
10388166,0.984375,1.425531914893617,64,47
10388167,1.0634920634920635,1.4545454545454546,63,11
10387910,0.953125,1.1587301587301588,64,63
10387919,1.25,1.4893617021276595,12,47
10387948,0.9692307692307692,1.523076923076923,65,65
10387952,1.4166666666666667,1.375,12,64
10387953,1.4166666666666667,1.0625,48,64
10387957,1.625,1.2153846153846153,64,65
10387991,1.3174603174603174,1.098360655737705,63,61
10387994,1.3015873015873016,0.9,63,10
10388000,1.3492063492063493,0.9692307692307692,63,65
10388144,0.9193548387096774,1.2698412698412698,62,63
10387931,1.5151515151515151,1.3846153846153846,66,13
10387940,1.4791666666666667,1.4285714285714286,48,49
10387955,1.0615384615384615,1.6615384615384616,65,65
10387964,1.4,1.3076923076923077,65,13
10387965,1.196969696969697,0.9696969696969697,66,66
10387989,0.9365079365079365,1.296875,63,64
10387996,1.265625,0.9692307692307692,64,65
10387998,1.0806451612903225,1.328125,62,64
10387999,0.9696969696969697,1.3125,66,64
10388005,0.9090909090909091,1.15625,11,64
10387908,1.6515151515151516,0.9552238805970149,66,67
10387920,1.2923076923076924,1.353846153846154,65,65
10387923,1.42,1.5,50,14
10387930,1.2857142857142858,1.0454545454545454,14,66
10387969,1.469387755102041,1.1940298507462686,49,67
10387993,0.9696969696969697,0.9375,66,64
10387995,1.1538461538461537,0.9850746268656716,65,67
10387997,1.0793650793650793,1.0,63,12
10388020,1.2923076923076924,1.2769230769230768,65,65
10388161,1.378787878787879,1.492537313432836,66,67
10387905,0.9558823529411765,1.2,68,15
10387933,1.4666666666666666,1.2205882352941178,15,68
10387947,1.4705882352941178,1.4901960784313726,68,51
10387949,1.0597014925373134,1.3880597014925373,67,67
10387954,1.6417910447761195,1.46,67,50
10388001,1.3636363636363635,1.1363636363636365,66,66
10388003,1.2727272727272727,0.9850746268656716,66,67
10388017,1.0294117647058822,1.078125,68,64
10388018,0.9538461538461539,1.3181818181818181,65,66
10388143,1.2878787878787878,1.0,66,13
10387951,1.2985074626865671,1.3582089552238805,67,67
10387904,1.2028985507246377,1.5192307692307692,69,52
10387927,1.25,1.625,16,16
10387938,1.088235294117647,1.5072463768115942,68,69
10387983,1.411764705882353,1.6323529411764706,68,68
10388007,1.0,1.0434782608695652,14,69
10388010,0.9852941176470589,1.3529411764705883,68,68
10388014,1.164179104477612,1.2686567164179106,67,67
10388019,1.2941176470588236,1.2985074626865671,68,67
10388025,1.0923076923076922,0.9545454545454546,65,66
10388165,1.4313725490196079,0.9420289855072463,51,69
10388012,0.9855072463768116,0.9333333333333333,69,15
10388154,1.2647058823529411,1.0909090909090908,68,66
10387896,1.588235294117647,1.4615384615384615,17,52
10387961,1.5072463768115942,1.1857142857142857,69,70
10387894,1.1971830985915493,1.6231884057971016,71,69
10387898,1.4057971014492754,1.5555555555555556,69,18
10387946,1.088235294117647,1.490566037735849,68,53
10388008,1.3768115942028984,0.9402985074626866,69,67
10388015,1.1764705882352942,1.2941176470588236,68,68
10388149,0.875,1.318840579710145,16,69
10388004,1.0285714285714285,0.9714285714285714,70,70
10388168,1.4528301886792452,1.2352941176470589,53,17
10387899,1.5142857142857142,0.9285714285714286,70,70
10387921,1.5,1.4444444444444444,54,54
10388016,0.9411764705882353,1.0422535211267605,68,71
10387967,1.5789473684210527,1.1014492753623188,19,69
10388026,1.3043478260869565,1.2608695652173914,69,69
10387912,1.6571428571428573,1.5492957746478873,70,71
10387916,0.9154929577464789,1.2083333333333333,71,72
10387929,1.1044776119402986,1.1594202898550725,67,69
10387907,1.0857142857142856,1.4181818181818182,70,55
10387911,0.9027777777777778,1.676056338028169,72,71
10387915,1.55,1.4727272727272727,20,55
10387917,1.5694444444444444,1.2222222222222223,72,18
10387918,1.457142857142857,1.1917808219178083,70,73
10388024,1.1571428571428573,0.9577464788732394,70,71
10388030,0.9411764705882353,0.927536231884058,17,69
10388033,1.4285714285714286,1.088235294117647,70,68
10388077,1.2571428571428571,1.3285714285714285,70,70
10387804,1.2105263157894737,0.8904109589041096,19,73
10387808,1.4647887323943662,1.0845070422535212,71,71
10387810,1.4107142857142858,1.6805555555555556,56,72
10387811,1.1891891891891893,1.5238095238095237,74,21
10387982,1.4821428571428572,1.547945205479452,56,73
10388027,1.1014492753623188,1.0416666666666667,69,72
10388038,1.1549295774647887,1.408450704225352,71,71
10388043,1.323943661971831,0.9571428571428572,71,70
10388064,0.9583333333333334,1.267605633802817,72,71
10947858,1.4027777777777777,0.8888888888888888,72,18
10947859,0.8783783783783784,1.0694444444444444,74,72
10947861,0.958904109589041,1.3055555555555556,73,72
10387805,1.1866666666666668,1.4035087719298245,75,57
10387806,1.6712328767123288,1.4912280701754386,73,57
10387813,1.0547945205479452,1.35,73,20
10387814,1.5405405405405406,1.5,74,72
10387823,0.88,1.4545454545454546,75,22
10387959,1.3285714285714285,1.3055555555555556,70,72
10388022,1.2638888888888888,1.1527777777777777,72,72
10388029,0.9859154929577465,1.1,71,70
10388031,1.0273972602739727,0.8421052631578947,73,19
10388095,1.4383561643835616,0.958904109589041,73,73
10387812,1.4137931034482758,1.5068493150684932,58,73
10387815,1.4912280701754386,0.868421052631579,57,76
10387818,1.3333333333333333,1.1973684210526316,21,76
10387824,1.6712328767123288,1.054054054054054,73,74
10387980,1.5217391304347827,1.5333333333333334,23,75
10388034,1.1369863013698631,0.9722222222222222,73,72
10388035,1.0985915492957747,1.2876712328767124,71,73
10388036,0.8,1.4594594594594594,20,74
10388037,1.273972602739726,1.027027027027027,73,74
10388059,0.9459459459459459,1.323943661971831,74,71
10955123,1.4827586206896552,1.5135135135135136,58,74
10388039,0.9726027397260274,0.9466666666666667,73,75
10388046,1.1111111111111112,1.2702702702702702,72,74
10388142,1.0266666666666666,1.4666666666666666,75,75
10388147,1.2837837837837838,0.8095238095238095,74,21
11010439,1.662162162162162,1.3636363636363635,74,22
11027765,0.8181818181818182,1.3194444444444444,22,72
10387809,1.434782608695652,1.6666666666666667,23,75
10387819,1.04,0.8571428571428571,75,77
10387826,1.1818181818181819,1.513157894736842,77,76
10387828,1.5066666666666666,1.4576271186440677,75,59
10387834,1.4067796610169492,1.5,59,24
10388040,0.9473684210526315,1.0394736842105263,76,76
10388045,1.2666666666666666,0.9594594594594594,75,74
10388050,1.1216216216216217,1.2666666666666666,74,75
10388052,1.4605263157894737,1.3287671232876712,76,73
11029510,0.9466666666666667,1.1066666666666667,75,75
10387817,1.4333333333333333,1.1818181818181819,60,77
10387820,1.513157894736842,1.0394736842105263,76,76
10387821,0.8461538461538461,1.4166666666666667,78,60
10387822,1.44,1.4166666666666667,25,24
10387825,1.6578947368421053,1.5,76,76
10387975,1.263157894736842,0.961038961038961,76,77
10388055,0.8260869565217391,1.2763157894736843,23,76
10388056,1.1095890410958904,1.337837837837838,73,74
10388057,1.025974025974026,1.0921052631578947,77,76
10388150,0.9605263157894737,1.4675324675324675,76,77
11027687,1.0256410256410255,1.2727272727272727,78,77
11075238,0.7916666666666666,1.0945945945945945,24,74
10387833,1.3846153846153846,1.6493506493506493,26,77
10387839,1.44,1.4333333333333333,25,60
10387844,1.5194805194805194,0.8481012658227848,77,79
10387850,1.1818181818181819,1.025974025974026,77,77
10387976,1.4098360655737705,1.5324675324675325,61,77
10388042,1.4743589743589745,1.2564102564102564,78,78
10388047,0.9487179487179487,1.08,78,75
10388049,1.0909090909090908,0.8,77,25
10388061,1.32,0.948051948051948,75,77
10388065,1.2727272727272727,1.0253164556962024,77,79
11072680,1.4615384615384615,1.5512820512820513,26,78
10387829,1.6538461538461537,1.403225806451613,78,62
10387832,1.5384615384615385,1.4098360655737705,78,61
10387843,1.0128205128205128,1.4444444444444444,78,27
10388062,1.2784810126582278,0.9620253164556962,79,79
10388066,1.3421052631578947,0.8076923076923077,76,26
10388114,1.481012658227848,1.0769230769230769,79,78
10387838,1.4814814814814814,1.518987341772152,27,79
10387846,1.4285714285714286,1.5316455696202531,28,79
10387848,1.380952380952381,1.1794871794871795,63,78
10387859,1.6962025316455696,0.8375,79,80
10387861,1.4193548387096775,1.0126582278481013,62,79
10388072,1.0375,0.9615384615384616,80,78
10388102,1.0921052631578947,1.4875,76,80
10388111,1.2564102564102564,1.3506493506493507,78,77
10388141,0.8148148148148148,0.975,27,80
11027763,1.3461538461538463,1.0909090909090908,78,77
11132215,1.0126582278481013,1.2531645569620253,79,79
10387985,1.0125,1.7625,80,80
10387868,1.5,1.3793103448275863,80,29
10387963,1.5125,1.375,80,64
10388101,0.9753086419753086,1.0759493670886076,81,79
10387869,0.8271604938271605,1.4444444444444444,81,63
10388080,1.275,1.0769230769230769,80,78
10388089,1.3544303797468353,1.0246913580246915,79,81
10388105,1.0,0.8214285714285714,80,28
10388109,1.4814814814814814,1.25,81,80
10387867,1.1898734177215189,1.4285714285714286,79,28
11142364,1.0365853658536586,1.0759493670886076,82,79
10387856,1.4482758620689655,1.353846153846154,29,65
10387857,1.0123456790123457,1.4938271604938271,81,81
10387862,1.4375,1.8024691358024691,64,81
10387870,1.4938271604938271,1.1875,81,80
10387879,1.4333333333333333,0.8170731707317073,30,82
10387988,1.0625,1.3625,80,80
10388084,0.8275862068965517,1.2345679012345678,29,81
10388085,1.0240963855421688,1.271604938271605,83,81
10388091,1.075,0.9876543209876543,80,81
10388155,0.9878048780487805,1.4634146341463414,82,82
11073886,1.382716049382716,1.0493827160493827,81,81
10387875,1.3333333333333333,1.0,66,82
10387880,1.7926829268292683,1.1728395061728396,82,81
10387883,1.4153846153846155,1.4193548387096775,65,31
10387981,1.475609756097561,1.4,82,30
10388086,1.4578313253012047,1.0238095238095237,83,84
10388097,1.2804878048780488,0.8333333333333334,82,30
10388130,0.9878048780487805,1.0365853658536586,82,82
10388145,1.2195121951219512,1.0864197530864197,82,81
10388151,1.3780487804878048,0.9759036144578314,82,83
10388162,0.8192771084337349,1.4878048780487805,83,82
11175196,1.0240963855421688,1.2650602409638554,83,83
11180408,0.8214285714285714,1.4193548387096775,84,31
11180409,1.1585365853658536,1.4819277108433735,82,83
10387878,0.9879518072289156,1.4698795180722892,83,83
10387881,1.4375,1.4375,32,32
10387893,1.4880952380952381,1.8072289156626506,84,83
10387901,1.3134328358208955,1.4090909090909092,67,66
10387914,1.1566265060240963,0.8117647058823529,83,85
10388041,0.8064516129032258,1.0235294117647058,31,85
10388092,1.4642857142857142,1.0120481927710843,84,83
10388099,0.9880952380952381,1.2048192771084338,84,83
10388133,1.0238095238095237,1.0731707317073171,84,82
10388152,1.2619047619047619,1.3855421686746987,84,83
10387960,1.4941176470588236,1.4642857142857142,85,84
11207837,1.0348837209302326,1.380952380952381,86,84
10387884,1.4029850746268657,1.4883720930232558,67,86
10387885,0.813953488372093,1.0,86,84
10387887,1.393939393939394,1.1666666666666667,33,84
10387890,1.4705882352941178,1.2941176470588236,85,68
10387939,1.7976190476190477,1.5454545454545454,84,33
10388094,1.3647058823529412,1.4941176470588236,85,85
10388108,1.1904761904761905,1.035294117647059,84,85
10388137,1.0602409638554218,0.78125,83,32
10388138,1.0,1.2470588235294118,84,85
10388148,1.0229885057471264,1.0470588235294118,87,85
10387924,1.7882352941176471,1.411764705882353,85,34
10387944,1.5294117647058822,1.0,34,85
10387966,1.1764705882352942,1.3823529411764706,85,68
10387978,1.3043478260869565,0.8160919540229885,69,87
10388078,1.372093023255814,1.0476190476190477,86,84
10388106,1.0348837209302326,1.0227272727272727,86,88
10388113,1.0348837209302326,1.0235294117647058,86,85
10388118,1.4883720930232558,0.7575757575757576,86,33
10388126,1.2117647058823529,1.244186046511628,85,86
10387895,1.457142857142857,1.3142857142857143,35,70
10387906,1.0,1.1627906976744187,86,86
10387922,1.4767441860465116,1.7790697674418605,86,86
10387970,1.4202898550724639,1.542857142857143,69,35
10388023,1.2298850574712643,1.471264367816092,87,87
10388112,1.0112359550561798,1.2209302325581395,89,86
10388117,1.0232558139534884,1.367816091954023,86,87
10388124,1.0470588235294118,1.0459770114942528,85,87
10388135,0.7352941176470589,1.0344827586206897,34,87
10388164,0.8181818181818182,1.5172413793103448,88,87
11395483,,1.0,0,86
11395484,1.0340909090909092,0.8202247191011236,88,89
11395485,1.2386363636363635,1.0465116279069768,88,86
11395486,1.0227272727272727,1.206896551724138,88,87
11395487,0.8,1.011111111111111,35,90
11395662,1.3522727272727273,1.4597701149425288,88,87
11395664,1.5,1.4,36,70
11395665,1.1627906976744187,1.3098591549295775,86,71
11395666,,1.4807692307692308,0,52
11395667,1.5340909090909092,1.4545454545454546,88,88
11395477,1.2045454545454546,1.0224719101123596,88,89
11395479,0.8444444444444444,1.2247191011235956,90,89
11395480,1.010989010989011,1.0,91,1
11395481,1.0344827586206897,1.0112359550561798,87,89
11395482,1.0,0.8055555555555556,87,36
11395658,1.3194444444444444,0.0,72,1
11395659,1.4528301886792452,1.550561797752809,53,89
11395660,1.4431818181818181,1.4864864864864864,88,37
11395661,1.4382022471910112,1.1494252873563218,89,87
11395663,1.4366197183098592,1.348314606741573,71,89
11395473,1.0,1.0,2,90
11395474,1.0222222222222221,1.211111111111111,90,90
11395475,1.0,1.0227272727272727,92,88
11395476,0.9886363636363636,0.8351648351648352,88,91
11395478,0.8378378378378378,1.202247191011236,37,89
11395653,1.5,1.4333333333333333,38,90
11395654,1.1704545454545454,1.4444444444444444,88,54
11395655,1.3013698630136987,1.4166666666666667,73,72
11395657,1.4382022471910112,1.0,89,2
11527786,1.5444444444444445,1.3333333333333333,90,90
11395467,1.2,0.9887640449438202,90,89
11395468,1.2197802197802199,1.021505376344086,91,93
11395469,0.8478260869565217,1.0,92,2
11395470,1.0224719101123596,0.8157894736842105,89,38
11395471,1.0,1.010989010989011,90,91
11395647,1.3186813186813187,1.2972972972972974,91,74
11395649,1.6666666666666667,1.1573033707865168,3,89
11395651,1.4727272727272727,1.5384615384615385,55,39
11395652,1.4175824175824177,1.4222222222222223,91,90
11395650,1.4109589041095891,1.5494505494505495,73,91
11395462,1.0,1.2173913043478262,3,92
11395463,1.1978021978021978,0.8387096774193549,91,93
11395464,1.053191489361702,1.0,94,92
11395465,0.8205128205128205,1.0,39,91
11395466,0.9777777777777777,1.0222222222222221,90,90
11395643,1.315217391304348,1.5,92,4
11395644,1.55,1.1444444444444444,40,90
11395645,1.4285714285714286,1.576086956521739,91,92
11395646,1.28,1.434782608695652,75,92
11395648,1.4054054054054055,1.4642857142857142,74,56
11395457,1.2150537634408602,1.2065217391304348,93,92
11395458,0.8404255319148937,0.875,94,40
11395459,0.9891304347826086,1.0526315789473684,92,95
11395460,0.989247311827957,0.967032967032967,93,91
11395461,1.010989010989011,0.75,91,4
11395638,1.164835164835165,1.4130434782608696,91,92
11395639,1.6,1.4,5,75
11395640,1.5806451612903225,1.5609756097560976,93,41
11395641,1.4385964912280702,1.2763157894736843,57,76
11395642,1.4301075268817205,1.3225806451612903,93,93
11395448,0.9565217391304348,1.0,92,93
11395451,1.0,1.0,5,94
11395452,1.0416666666666667,0.8421052631578947,96,95
11395453,0.8536585365853658,1.2446808510638299,41,94
11395454,1.1935483870967742,1.0217391304347827,93,92
11395633,1.5238095238095237,1.6666666666666667,42,6
11395634,1.2065217391304348,1.3085106382978724,92,94
11395636,1.4193548387096775,1.4482758620689655,93,58
11395637,1.446808510638298,1.394736842105263,94,76
11395635,1.2857142857142858,1.574468085106383,77,94
11395629,1.7142857142857142,1.4421052631578948,7,95
11395445,1.1666666666666667,0.8333333333333334,6,42
11395446,1.2421052631578948,0.967741935483871,95,93
11395447,1.0105263157894737,1.032258064516129,95,93
11395449,1.0309278350515463,1.1808510638297873,97,94
11395450,0.84375,0.9893617021276596,96,94
11395630,1.2820512820512822,1.5116279069767442,78,43
11395631,1.6,1.2043010752688172,95,93
11395632,1.3896103896103895,1.425531914893617,77,94
11395628,1.2947368421052632,1.4406779661016949,95,59
11395440,1.0319148936170213,0.8969072164948454,94,97
11395441,1.1789473684210525,1.2857142857142858,95,7
11395443,0.9787234042553191,1.0510204081632653,94,98
11395622,1.5,1.3020833333333333,44,96
11395623,1.202127659574468,1.3846153846153846,94,78
11395626,1.4210526315789473,1.2911392405063291,95,79
11395627,1.4333333333333333,1.4270833333333333,60,96
11395624,1.6041666666666667,2.125,96,8
11395434,1.625,1.0707070707070707,8,99
11395438,0.8604651162790697,0.968421052631579,43,95
11395439,1.0104166666666667,1.1979166666666667,96,96
11395618,1.2989690721649485,1.5876288659793814,97,97
11395619,1.8888888888888888,1.4166666666666667,9,96
11395620,1.4329896907216495,1.4666666666666666,97,45
11395621,1.379746835443038,1.325,79,80
11751980,0.9789473684210527,1.25,95,96
11395614,1.5918367346938775,1.3875,98,80
11395615,1.4565217391304348,1.459016393442623,46,61
11395616,1.3209876543209877,1.2959183673469388,81,98
11395617,1.4123711340206186,1.4183673469387754,97,98
11395613,1.2105263157894737,1.8,95,10
11395429,1.0315789473684212,1.2474226804123711,95,97
11395430,1.06,0.9090909090909091,100,44
11395431,0.9183673469387755,1.041237113402062,98,97
11395436,1.1855670103092784,0.9791666666666666,97,96
11395437,0.9791666666666666,1.6666666666666667,96,9
11395608,1.2828282828282829,1.3703703703703705,99,81
11395609,1.425531914893617,1.606060606060606,47,99
11395610,1.4183673469387754,1.1979166666666667,98,96
11395611,1.4516129032258065,1.9090909090909092,62,11
11395612,1.404040404040404,1.3170731707317074,99,82
11395423,0.9292929292929293,1.1938775510204083,99,98
11395425,1.2551020408163265,1.6,98,10
11395426,1.03125,0.979381443298969,96,97
11395428,1.030612244897959,1.0792079207920793,98,101
11395432,0.979381443298969,0.8888888888888888,97,45
11395602,1.2268041237113403,1.41,97,100
11395604,1.3132530120481927,1.4444444444444444,83,63
11395605,1.75,1.27,12,100
11395606,1.6,1.404040404040404,100,99
11395607,1.3780487804878048,1.4166666666666667,82,48
11777615,1.2626262626262625,0.95,99,100
11777618,1.4375,1.2244897959183674,64,98
11395419,1.6363636363636365,0.9405940594059405,11,101
11395420,1.0784313725490196,0.9897959183673469,102,98
11395422,1.1919191919191918,1.27,99,100
11395424,0.8695652173913043,1.0309278350515463,46,97
11395427,0.9795918367346939,1.02020202020202,98,99
11395597,1.3877551020408163,1.2976190476190477,49,84
11395599,1.4307692307692308,1.2574257425742574,65,101
11395600,1.4,1.3734939759036144,100,83
11779160,0.9797979797979798,1.0408163265306123,99,98
11813348,0.851063829787234,1.05,47,100
11777072,1.2121212121212122,1.603960396039604,99,101
11788194,1.396039603960396,2.0,101,13
11395414,1.2871287128712872,0.875,101,48
11395418,1.0303030303030303,1.18,99,100
11395595,2.0,1.36,14,50
11395410,1.0594059405940595,0.98,101,100
11395411,1.5833333333333333,1.03,12,100
11395412,1.0679611650485437,1.2843137254901962,103,102
11395413,0.9696969696969697,1.1782178217821782,99,101
11395415,0.8571428571428571,0.9509803921568627,49,102
11395587,1.2,1.3333333333333333,100,51
11395589,1.588235294117647,1.3176470588235294,102,85
11395590,1.4158415841584158,1.2549019607843137,101,102
11395591,1.392156862745098,1.4545454545454546,102,66
11395592,1.3571428571428572,2.2,84,15
11395405,1.1862745098039216,0.86,102,50
11395406,1.2815533980582525,1.088235294117647,103,102
11395407,1.0198019801980198,1.0576923076923077,101,104
11395408,0.9702970297029703,1.5384615384615385,101,13
11395409,0.9514563106796117,0.98,103,100
11395583,1.2718446601941749,1.3883495145631068,103,103
11395584,1.3846153846153846,1.411764705882353,52,102
11395585,1.313953488372093,1.198019801980198,86,101
11395586,2.0625,1.5922330097087378,16,103
11395588,1.4776119402985075,1.3411764705882352,67,85
11395401,1.087378640776699,0.8627450980392157,103,51
11395399,1.6428571428571428,1.1941747572815533,14,103
11395402,1.2884615384615385,0.9607843137254902,104,102
11395403,1.0857142857142856,0.9801980198019802,105,101
11395404,0.9615384615384616,1.0196078431372548,104,102
11395577,1.2692307692307692,1.4150943396226414,104,53
11395578,2.0,1.2988505747126438,17,87
11395581,1.3846153846153846,1.5961538461538463,104,104
11395582,1.3488372093023255,1.196078431372549,86,102
11395580,1.4705882352941178,1.4077669902912622,68,103
11395395,1.029126213592233,1.0769230769230769,103,104
11395396,0.9514563106796117,0.9619047619047619,103,105
11395397,1.0,1.2857142857142858,102,105
11395571,1.4074074074074074,1.3714285714285714,54,105
11395575,1.203883495145631,1.5507246376811594,103,69
11395576,1.6095238095238096,1.2666666666666666,105,105
11395579,1.4134615384615385,1.9444444444444444,104,18
11395389,1.2924528301886793,1.0192307692307692,106,104
11395391,0.9528301886792453,1.7333333333333334,106,15
11395392,0.9615384615384616,1.1826923076923077,104,104
11395393,1.0943396226415094,1.0666666666666667,106,105
11395394,1.0,0.8846153846153846,103,52
11395567,1.6415094339622642,1.4181818181818182,106,55
11395570,1.3563218390804597,1.4190476190476191,87,105
11395572,1.542857142857143,1.2954545454545454,70,88
11395573,1.3679245283018868,1.2019230769230769,106,104
11883581,0.9439252336448598,1.0934579439252337,107,107
11883582,1.6355140186915889,1.5492957746478873,107,71
11395384,1.6875,1.2990654205607477,16,107
11395386,1.180952380952381,0.9537037037037037,105,108
11395387,1.019047619047619,0.9619047619047619,105,105
11395388,1.0754716981132075,1.0192307692307692,106,104
11395390,0.9056603773584906,1.0925925925925926,53,108
11395563,1.3928571428571428,1.375,56,88
11395564,1.2,1.2547169811320755,105,106
11395565,2.1052631578947367,1.5277777777777777,19,72
11395566,1.303370786516854,1.3738317757009346,89,107
11395569,1.4150943396226414,1.6574074074074074,106,108
11395380,1.3055555555555556,1.1886792452830188,108,106
11395381,1.074766355140187,0.944954128440367,107,109
11395379,0.9622641509433962,1.091743119266055,106,109
11395373,1.588235294117647,1.019047619047619,17,105
11395376,1.1775700934579438,1.0833333333333333,107,108
11395377,1.0188679245283019,0.9074074074074074,106,54
11395378,0.9545454545454546,1.2935779816513762,110,109
11395558,1.2523364485981308,1.288888888888889,107,90
11395559,2.1,1.1886792452830188,20,106
11395560,1.5068493150684932,1.3859649122807018,73,57
11395561,1.3703703703703705,1.4205607476635513,108,107
11395562,1.3707865168539326,1.651376146788991,89,109
11887845,0.9532710280373832,1.0188679245283019,107,106
11910838,1.0825688073394495,1.5555555555555556,109,18
11395370,1.0186915887850467,0.963963963963964,107,111
11395371,0.9629629629629629,1.0727272727272728,108,110
11395372,0.8909090909090909,1.1666666666666667,55,108
11395374,1.0093457943925233,1.631578947368421,107,19
11395375,1.290909090909091,1.0909090909090908,110,110
11395552,1.287037037037037,1.4864864864864864,108,74
11395553,1.396551724137931,2.0476190476190474,58,21
11395556,1.4074074074074074,1.2747252747252746,108,91
11395557,1.385321100917431,1.3555555555555556,109,90
11910835,0.875,0.963302752293578,56,109
11999558,1.2844036697247707,1.1869158878504673,109,107
11395365,1.55,0.9545454545454546,20,110
11395366,1.1559633027522935,1.0185185185185186,109,108
11395368,1.063063063063063,1.2882882882882882,111,111
11395369,1.0810810810810811,1.0092592592592593,111,108
11395546,1.1944444444444444,1.3944954128440368,108,109
11395547,2.0454545454545454,1.3909090909090909,22,110
11395551,1.3736263736263736,1.2727272727272727,91,110
11395554,1.2826086956521738,1.3728813559322033,92,59
11884143,1.0892857142857142,1.5238095238095237,112,21
11887849,1.3695652173913044,1.4054054054054055,92,111
11975829,1.2688172043010753,1.3818181818181818,93,110
11395357,1.1636363636363636,1.4545454545454546,110,22
11395360,1.018348623853211,0.9553571428571429,109,112
11395362,0.963963963963964,1.2857142857142858,111,112
11395363,1.0091743119266054,1.079646017699115,109,113
11395364,0.8947368421052632,1.0625,57,112
11395543,1.3873873873873874,1.35,111,60
11395544,1.2110091743119267,1.2872340425531914,109,94
11395545,1.4017857142857142,1.2612612612612613,112,111
11395548,1.6818181818181819,2.0,110,23
11395549,1.3763440860215055,1.4933333333333334,93,75
12005634,1.6936936936936937,1.2363636363636363,111,110
12006622,0.9734513274336283,0.8793103448275862,113,58
12020077,1.018181818181818,1.0363636363636364,110,110
11395358,1.0701754385964912,1.162162162162162,114,111
11395355,1.2920353982300885,1.009009009009009,113,111
11395356,1.4782608695652173,0.864406779661017,23,59
11395359,0.9649122807017544,0.9642857142857143,114,112
11395361,1.0619469026548674,1.045045045045045,113,111
11395538,1.2589285714285714,1.3839285714285714,112,112
11395540,1.2947368421052632,1.6964285714285714,95,112
11395541,2.0,1.3936170212765957,24,94
11395542,1.486842105263158,1.407079646017699,76,113
11395539,1.3442622950819672,1.2252252252252251,61,111
12009065,1.2831858407079646,1.96,113,25
11395347,1.1607142857142858,1.0446428571428572,112,112
11395348,1.5,1.0526315789473684,24,114
11395352,1.0535714285714286,0.9646017699115044,112,113
11395353,1.0782608695652174,0.9652173913043478,115,115
11395354,0.85,1.2894736842105263,60,114
11395533,1.3548387096774193,1.2719298245614035,62,114
11395534,1.6902654867256637,1.4035087719298245,113,114
11395535,1.28125,1.8846153846153846,96,26
11395536,1.2232142857142858,1.4,112,95
11395537,1.3716814159292035,1.4935064935064934,113,77
11395316,1.1504424778761062,1.0775862068965518,113,116
11970625,0.8360655737704918,1.48,61,25
12028347,1.5,1.6842105263157894,78,114
11395344,0.9568965517241379,1.1754385964912282,116,114
11395346,1.2869565217391303,1.4615384615384615,115,26
11395349,1.0695652173913044,1.0683760683760684,115,117
11395350,1.0353982300884956,1.0619469026548674,113,113
11395351,0.9649122807017544,0.8387096774193549,114,62
11395528,1.2782608695652173,1.6782608695652175,115,115
11395529,2.0,1.3596491228070176,27,114
11395530,1.481012658227848,1.247787610619469,79,113
11395531,1.4,1.3650793650793651,115,63
11395532,1.4166666666666667,1.268041237113402,96,97
11395339,1.1652173913043478,0.9652173913043478,115,115
11395340,1.4074074074074074,1.076271186440678,27,118
11395342,0.9658119658119658,1.0862068965517242,117,116
11395343,0.8253968253968254,1.0614035087719298,63,114
11395345,1.043859649122807,1.2758620689655173,114,116
11395522,1.2551020408163265,1.475,98,80
11395524,1.9642857142857142,1.2758620689655173,28,116
11395525,1.3478260869565217,1.422680412371134,115,97
11395527,1.263157894736842,1.4051724137931034,114,116
11395526,1.359375,1.6810344827586208,64,116
12009067,1.2424242424242424,1.4387755102040816,99,98
11395335,1.2735042735042734,0.9661016949152542,117,118
11395336,0.9741379310344828,1.0434782608695652,116,115
11395337,1.0854700854700854,1.1637931034482758,117,116
11395338,1.0695652173913044,1.4285714285714286,115,28
11395341,1.1176470588235294,0.828125,119,64
11395517,1.264957264957265,1.2608695652173914,117,115
11395518,1.4691358024691359,2.0,81,29
11395520,1.4017094017094016,1.25,117,100
11395521,1.6923076923076923,1.353448275862069,117,116
11395523,1.4343434343434343,1.353846153846154,99,65
11395323,1.1623931623931625,0.8153846153846154,117,65
11395329,0.957983193277311,1.0603448275862069,119,116
11395330,1.0932203389830508,0.9743589743589743,118,117
11395332,1.1166666666666667,1.2627118644067796,120,118
11395333,1.3793103448275863,1.043103448275862,29,116
11395513,1.4634146341463414,1.2627118644067796,82,118
11395514,1.2574257425742574,1.3504273504273505,101,117
11395515,2.0,1.3636363636363635,30,66
11395519,1.42,1.4152542372881356,100,118
11395516,1.25,1.6864406779661016,116,118
11395322,1.2521008403361344,1.1008403361344539,119,119
11395324,1.0341880341880343,1.1074380165289257,117,121
11395327,1.0598290598290598,1.1610169491525424,117,118
11395328,0.9661016949152542,1.3333333333333333,118,30
11395331,0.803030303030303,0.9666666666666667,66,120
11395508,1.26890756302521,1.4158415841584158,119,101
11395509,1.3432835820895523,1.2647058823529411,67,102
11395512,1.411764705882353,1.935483870967742,119,31
11395510,1.73109243697479,1.4698795180722892,119,83
11395317,1.2416666666666667,0.9747899159663865,120,119
11395319,1.0916666666666666,0.8208955223880597,120,67
11395320,1.1065573770491803,1.0593220338983051,122,118
11395326,0.9752066115702479,1.0254237288135593,121,118
11395334,1.3225806451612903,1.1512605042016806,31,119
11395503,1.3235294117647058,1.347457627118644,68,118
11395504,1.2718446601941749,1.2666666666666666,103,120
11395506,1.4509803921568627,1.2478632478632479,102,117
11395507,1.4083333333333334,1.4642857142857142,120,84
11395505,1.9375,1.7583333333333333,32,120
12236466,1.3361344537815125,1.2372881355932204,119,118
11395314,0.975,0.9836065573770492,120,122
11395318,1.0252100840336134,1.0909090909090908,119,121
11395321,0.8676470588235294,1.28125,68,32
11395325,1.050420168067227,1.2396694214876034,119,121
11395497,1.256198347107438,1.3333333333333333,121,69
11395499,1.7603305785123966,1.2692307692307692,121,104
11395500,1.3333333333333333,1.4297520661157024,120,121
11395501,1.226890756302521,1.878787878787879,119,33
12253545,1.1416666666666666,1.1056910569105691,120,123
11395502,1.4705882352941178,1.4368932038834952,85,103
11395309,1.2459016393442623,0.855072463768116,122,69
11395310,1.096774193548387,0.9752066115702479,124,121
11395311,1.0333333333333334,1.1322314049586777,120,121
11395313,1.2727272727272727,0.983739837398374,33,123
11395315,1.0583333333333333,1.0901639344262295,120,122
11395493,1.2666666666666666,1.225,105,120
11395494,1.3142857142857143,1.4767441860465116,70,86
11395495,1.322314049586777,1.2459016393442623,121,122
11395496,1.4344262295081966,1.7622950819672132,122,122
11395498,1.4519230769230769,1.8823529411764706,104,34
11395307,1.1229508196721312,1.2439024390243902,122,123
11395308,0.9838709677419355,1.104,124,125
11395312,1.08130081300813,1.2941176470588236,123,34
11395455,0.9836065573770492,1.0578512396694215,122,121
11395456,0.8571428571428571,1.0413223140495869,70,121
11395488,1.2601626016260163,1.4308943089430894,123,123
11395489,1.7723577235772359,1.438095238095238,123,105
11395490,1.2314049586776858,1.3098591549295775,121,71
11395491,1.8571428571428572,1.2547169811320755,35,106
11395492,1.4597701149425288,1.319672131147541,87,122
12477123,1.0327868852459017,1.0737704918032787,122,122
12477126,0.975609756097561,1.0806451612903225,123,124
12477128,1.2338709677419355,,124,0
12477129,1.3170731707317074,1.2580645161290323,123,124
12477130,1.1300813008130082,1.3142857142857143,123,35
12477131,1.4659090909090908,1.4274193548387097,88,124
12477132,,1.1031746031746033,0,126
12477133,0.8873239436619719,0.992,71,125
12477134,1.2459016393442623,1.2523364485981308,122,107
12477135,1.4433962264150944,1.3194444444444444,106,72
12476630,1.3333333333333333,0.875,36,72
12476632,1.088,1.314516129032258,125,124
12476633,1.264,1.0,125,124
12476635,0.9920634920634921,1.024390243902439,126,123
12476636,1.065040650406504,1.1370967741935485,123,124
12476794,1.3013698630136987,1.4659090909090908,73,88
12476797,1.25,1.24,108,125
12476798,1.1023622047244095,1.4299065420560748,127,107
12476799,1.0,1.2439024390243902,1,123
12476800,1.4274193548387097,1.0,124,1
12476623,1.0,1.128,127,125
12476629,1.0952380952380953,1.0241935483870968,126,124
12476631,1.304,0.863013698630137,125,73
12476634,1.064516129032258,1.253968253968254,124,126
12476790,1.4444444444444444,1.2301587301587302,108,126
12476792,1.3108108108108107,1.416,74,125
12476793,0.5,1.2338709677419355,2,124
12476795,1.4606741573033708,1.1171875,89,128
12476796,0.5,1.2568807339449541,2,109
12476621,1.119047619047619,1.0,126,125
12476622,1.2519685039370079,1.1023622047244095,127,127
12476624,1.3513513513513513,1.0,37,128
12476625,0.8783783783783784,1.056,74,125
12476627,1.016,1.3095238095238095,125,126
12476786,1.220472440944882,1.4555555555555555,127,90
12476787,1.4047619047619047,1.4403669724770642,126,109
12476788,1.2727272727272727,0.6666666666666666,110,3
12476791,1.1162790697674418,0.3333333333333333,129,3
12476789,1.232,1.32,125,75
12476617,1.007936507936508,1.0,126,126
12476618,1.2421875,1.3157894736842106,128,38
12476619,1.125,1.0555555555555556,128,126
12476620,1.3228346456692914,0.9922480620155039,127,129
12476626,0.8933333333333333,1.1181102362204725,75,127
12476779,1.234375,1.3937007874015748,128,127
12476781,1.4615384615384615,1.2301587301587302,91,126
12476782,0.75,1.4363636363636363,4,110
12476784,1.123076923076923,1.2612612612612613,130,111
12476785,0.5,1.3026315789473684,4,76
12476611,1.109375,1.1472868217054264,128,129
12476612,1.2820512820512822,1.0078740157480315,39,127
12476614,1.0153846153846153,1.2403100775193798,130,129
12476615,1.0,0.9078947368421053,127,76
12476616,1.047244094488189,1.3125,127,128
12476776,1.220472440944882,1.255813953488372,127,129
12476777,1.2857142857142858,0.6,77,5
12476778,1.2678571428571428,1.4565217391304348,112,92
12476780,1.4234234234234233,0.6,111,5
12476783,1.3828125,1.1297709923664123,128,131
12811090,1.0078125,1.275,128,40
12476603,1.0,1.1162790697674418,128,129
12476606,1.2384615384615385,0.9090909090909091,130,77
12476607,1.146153846153846,1.015267175572519,130,131
12476613,1.0390625,1.0077519379844961,128,129
12476771,1.128787878787879,1.234375,132,128
12476772,0.8333333333333334,1.4731182795698925,6,93
12476773,0.6666666666666666,1.37984496124031,6,129
12476774,1.2461538461538462,1.294871794871795,130,78
12476775,1.4285714285714286,1.2654867256637168,112,113
12476601,1.2682926829268293,1.1526717557251909,41,131
12476604,1.0075757575757576,1.0310077519379846,132,129
12476605,0.9102564102564102,1.0077519379844961,78,129
12476609,1.1153846153846154,1.2290076335877862,130,131
12476610,1.0,1.310077519379845,130,129
12476766,1.2325581395348837,1.424778761061947,129,113
12476767,1.2784810126582278,1.1203007518796992,79,133
12476769,1.2543859649122806,1.3692307692307693,114,130
12476770,0.8571428571428571,1.2366412213740459,7,131
12476768,1.4680851063829787,0.8571428571428571,94,7
12476597,1.323076923076923,1.1068702290076335,130,131
12476598,1.2348484848484849,1.0076923076923077,132,130
12476599,1.0150375939849625,1.015267175572519,133,131
12476600,1.1515151515151516,0.8987341772151899,132,79
12476602,1.0307692307692307,1.2380952380952381,130,42
12476759,1.1119402985074627,1.2272727272727273,134,132
12476761,1.25,0.75,8,8
12476762,1.3587786259541985,1.2384615384615385,131,130
12476764,1.2875,1.2695652173913043,80,115
12476765,1.4298245614035088,1.4736842105263157,114,95
12954858,1.3206106870229009,1.2325581395348837,131,43
12476592,1.2045454545454546,1.0151515151515151,44,132
12476593,1.1136363636363635,1.007462686567164,132,134
12476594,1.2406015037593985,1.0305343511450382,133,131
12476595,1.0,1.1654135338345866,131,133
12476596,0.8875,1.3181818181818181,80,132
12476757,1.293103448275862,1.2290076335877862,116,131
12476758,0.6666666666666666,1.356060606060606,9,132
12476760,1.4791666666666667,1.2839506172839505,96,81
12476763,1.2222222222222223,1.1111111111111112,9,135
12476756,1.2330827067669172,1.4173913043478261,133,115
12476750,1.2348484848484849,1.4845360824742269,132,97
12476751,1.2238805970149254,1.2820512820512822,134,117
12476753,1.1176470588235294,0.7,136,10
12476755,1.4137931034482758,1.2,116,10
12476752,1.3458646616541354,1.2682926829268293,133,82
12476749,1.1313868613138687,1.489795918367347,137,98
12476587,1.0,1.1777777777777778,135,45
12476588,1.0300751879699248,1.105263157894737,133,133
12476589,1.3082706766917294,0.9924242424242424,133,132
12476590,1.1567164179104477,1.2537313432835822,134,134
12476591,1.0303030303030303,0.9012345679012346,132,81
12476739,0.7272727272727273,1.2796610169491525,11,118
12476741,1.2530120481927711,1.2255639097744362,83,133
12476748,1.1818181818181819,1.2296296296296296,11,135
12476754,1.4017094017094016,1.3432835820895523,117,134
12476579,0.9849624060150376,1.173913043478261,133,46
12476582,1.1555555555555554,1.0970149253731343,135,134
12476583,1.3134328358208955,1.037593984962406,134,133
12476585,0.9146341463414634,1.0298507462686568,82,134
12476586,1.2518518518518518,1.0,135,136
12476742,1.505050505050505,0.75,99,12
12476743,1.3333333333333333,1.2205882352941178,135,136
12476746,1.2164179104477613,1.1666666666666667,134,12
12476747,1.2773109243697478,1.1231884057971016,119,138
12476745,1.25,1.4322033898305084,84,118
12476574,1.1037037037037036,0.927710843373494,135,83
12476578,1.1914893617021276,1.2573529411764706,47,136
12476580,1.0222222222222221,0.9776119402985075,135,134
12476581,1.0298507462686568,1.1544117647058822,134,136
12476584,1.0072992700729928,1.3111111111111111,137,135
12476735,0.8461538461538461,1.4285714285714286,13,119
12476737,1.1151079136690647,1.2470588235294118,139,85
12476738,1.218978102189781,1.2148148148148148,137,135
12476740,1.3308823529411764,1.2833333333333334,136,120
12476744,1.1538461538461537,1.5,13,100
12476731,1.2058823529411764,1.3211678832116789,136,137
12476548,0.9404761904761905,1.1532846715328466,84,137
13171688,0.9411764705882353,1.2481751824817517,85,137
13171689,1.4166666666666667,1.1142857142857143,120,140
13179032,1.495049504950495,1.2173913043478262,101,138
12476562,1.2463768115942029,1.3161764705882353,138,136
12476564,1.0444444444444445,1.0072463768115942,135,138
12476565,1.1521739130434783,1.0294117647058822,138,136
12476724,1.2302158273381294,1.1134751773049645,139,141
12476727,1.2116788321167884,0.8571428571428571,137,14
12476728,1.2892561983471074,1.421487603305785,121,121
12476729,1.318840579710145,1.4803921568627452,138,102
12476730,1.2142857142857142,1.244186046511628,14,86
13175772,1.2291666666666667,1.1029411764705883,48,136
12476556,1.014388489208633,1.158273381294964,139,139
12476558,1.2244897959183674,1.0588235294117647,49,136
12476560,0.9777777777777777,0.9534883720930233,135,86
12476561,1.0291970802919708,1.2374100719424461,137,139
12476563,1.1094890510948905,1.3284671532846715,137,137
12476720,1.0,1.2666666666666666,15,15
12476721,1.4180327868852458,1.2173913043478262,122,138
12476722,1.4757281553398058,1.278688524590164,103,122
12476723,1.2413793103448276,1.2357142857142858,87,140
12476725,1.1056338028169015,1.316546762589928,142,139
13159980,1.0289855072463767,1.0656934306569343,138,137
13175771,1.0073529411764706,1.0142857142857142,136,140
13179034,1.2682926829268293,1.3125,123,16
12476550,1.25,1.1014492753623188,140,138
12476551,1.318840579710145,1.0503597122302157,138,139
12476554,1.0724637681159421,1.0072992700729928,138,137
12476555,1.0141843971631206,0.9540229885057471,141,87
12476557,1.15,1.26,140,50
12476716,1.4615384615384615,1.4146341463414633,104,123
12476717,1.223021582733813,1.1048951048951048,139,143
12476718,1.3428571428571427,1.3529411764705883,140,17
12476719,1.282258064516129,1.25,124,88
12476726,1.2340425531914894,0.9375,141,16
12476547,1.2549019607843137,1.316546762589928,51,139
12476549,1.042857142857143,1.0211267605633803,140,142
12476552,1.1007194244604317,1.079136690647482,139,139
12476553,1.0,1.24822695035461,138,141
12476710,1.2359550561797752,1.3333333333333333,89,141
12476712,1.1111111111111112,1.28,144,125
12476713,0.9411764705882353,1.4666666666666666,17,105
12476714,1.4444444444444444,1.2214285714285715,18,140
12476715,1.403225806451613,1.2253521126760563,124,142
12476539,1.3071428571428572,0.9431818181818182,140,88
12476545,1.0785714285714285,1.2535211267605635,140,142
12476546,1.1702127659574468,1.0071942446043165,141,139
12476706,1.2377622377622377,1.323943661971831,143,142
12476707,1.2333333333333334,1.490566037735849,90,106
12476708,0.9444444444444444,1.1172413793103448,18,145
12476709,1.2127659574468086,1.2698412698412698,141,126
12476711,1.5263157894736843,1.4,19,125
13217663,1.3049645390070923,1.1619718309859155,141,142
12476533,1.0,1.049645390070922,140,141
12476541,1.1818181818181819,1.0851063829787233,143,141
12476544,1.3098591549295775,1.013986013986014,142,143
12476705,1.4126984126984128,1.2307692307692308,126,91
12476701,1.2598425196850394,1.2361111111111112,127,144
13315347,1.0138888888888888,1.0928571428571427,144,140
12476531,1.0774647887323943,1.3006993006993006,142,143
12476529,1.013793103448276,1.2447552447552448,145,143
12476538,1.0851063829787233,1.1944444444444444,141,144
13324922,1.3216783216783217,1.0,143,19
13197505,1.2282608695652173,1.05,92,20
13233442,0.9325842696629213,1.2307692307692308,89,52
12476519,1.2264150943396226,1.0273972602739727,53,146
12476522,1.25,0.9333333333333333,144,90
12476523,1.2,1.3055555555555556,145,144
12476524,1.0,1.0774647887323943,141,142
12476525,1.06993006993007,1.0492957746478873,143,142
12476696,1.2473118279569892,1.1095890410958904,93,146
12476697,1.4015748031496063,1.0952380952380953,127,21
12476698,1.2275862068965517,1.4766355140186915,145,107
12476700,1.3125,1.204225352112676,144,142
13343736,0.9230769230769231,1.0769230769230769,91,143
12476514,1.0204081632653061,0.9929577464788732,147,142
12476515,1.0419580419580419,1.2123287671232876,143,146
12476518,1.0763888888888888,1.2222222222222223,144,54
12476520,0.9239130434782609,1.0625,92,144
12476521,1.303448275862069,1.2620689655172415,145,145
12476691,1.2097902097902098,1.2191780821917808,143,146
12476692,1.25,1.3172413793103448,128,145
12476693,1.1363636363636365,1.2659574468085106,22,94
12476695,1.5,1.5,108,20
12476699,1.1088435374149659,1.3984375,147,128
13255608,1.0416666666666667,0.9247311827956989,144,93
13348881,1.273972602739726,1.2,146,55
12476511,1.272108843537415,1.0551724137931036,147,145
12476512,1.2321428571428572,1.2040816326530612,56,147
12476513,0.9148936170212766,1.0202702702702702,94,148
12476516,1.0,1.321917808219178,143,146
12476517,1.0620689655172413,1.0827586206896551,145,145
12476685,1.2013888888888888,1.3953488372093024,144,129
12476686,1.2244897959183674,1.2526315789473683,147,95
12476689,1.4761904761904763,1.1304347826086956,21,23
12476690,1.3287671232876712,1.1081081081081081,146,148
13391276,1.5045871559633028,1.2,109,145
12476506,1.195945945945946,0.9368421052631579,148,95
12476507,1.0753424657534247,1.0547945205479452,146,146
12476508,1.2837837837837838,0.9930555555555556,148,144
12476509,1.0402684563758389,1.0684931506849316,149,146
12476510,1.3197278911564625,1.2105263157894737,147,57
12476681,1.1073825503355705,1.1986301369863013,149,146
12476682,1.4,1.248062015503876,130,129
12476684,1.25,1.5,96,22
12476688,1.5,1.3265306122448979,110,147
12476500,1.0476190476190477,1.3445945945945945,147,148
12476501,1.0748299319727892,1.2953020134228188,147,149
12476502,1.1879194630872483,1.0466666666666666,149,150
12476504,1.0748299319727892,1.1896551724137931,147,58
12476505,0.9375,0.993103448275862,96,145
12476677,1.2040816326530612,1.2371134020618557,147,97
12476678,1.5045045045045045,1.1066666666666667,111,150
12476679,1.2384615384615385,1.0833333333333333,130,24
12476680,1.3175675675675675,1.3969465648854962,148,131
12476675,1.2297297297297298,1.5217391304347827,148,23
12476526,1.2033898305084745,0.9931506849315068,59,146
13415294,1.4583333333333333,1.2290076335877862,24,131
12476495,1.2,0.9278350515463918,60,97
12476496,1.2866666666666666,1.18,150,150
12476497,1.0397350993377483,1.0472972972972974,151,148
12476498,0.9931972789115646,1.0675675675675675,147,148
12476499,1.348993288590604,1.087837837837838,149,148
12476669,1.2346938775510203,1.2272727272727273,98,132
12476670,1.08,1.195945945945946,25,148
12476671,1.48,1.3221476510067114,25,149
12476672,1.1059602649006623,1.2348993288590604,151,149
12476674,1.4166666666666667,1.5,132,112
13343733,1.105263157894737,1.5384615384615385,152,26
13436762,1.087248322147651,0.9864864864864865,149,148
12476489,1.2295081967213115,1.2847682119205297,61,151
12476490,1.0671140939597314,1.1721854304635762,149,151
12476491,1.0402684563758389,0.9865771812080537,149,149
12476492,0.9285714285714286,1.34,98,150
12476493,1.0866666666666667,1.0460526315789473,150,152
12476662,1.1045751633986929,1.0769230769230769,153,26
12476667,1.4955752212389382,1.2222222222222223,113,99
12476668,1.2255639097744362,1.1946308724832215,133,149
12476673,1.3133333333333332,1.2466666666666666,150,150
12476676,1.4210526315789473,1.5555555555555556,133,27
13343735,1.0333333333333334,1.2096774193548387,150,62
13399583,1.2164179104477613,1.5087719298245614,134,114
13480337,1.0740740740740742,1.2516556291390728,27,151
12476485,1.0392156862745099,1.3377483443708609,153,151
12476486,1.0264900662251655,1.06,151,150
12476487,0.9866666666666667,1.2222222222222223,150,63
12476488,1.1776315789473684,1.0794701986754967,152,151
12476494,0.9191919191919192,1.2763157894736843,99,152
12476660,1.22,1.4253731343283582,100,134
12476661,1.1866666666666668,1.5304347826086957,150,115
12476663,1.25,1.2074074074074075,152,135
12476665,1.6071428571428572,1.0974025974025974,28,154
12476666,1.1785714285714286,1.304635761589404,28,151
12476478,1.21875,1.0328947368421053,64,152
12476481,1.0855263157894737,0.9801324503311258,152,151
12476482,1.2679738562091503,1.0454545454545454,153,154
12476483,1.3289473684210527,1.1699346405228759,152,153
12476484,1.0529801324503312,0.92,151,100
12476657,1.1379310344827587,1.4296296296296296,29,135
12476658,1.1920529801324504,1.3026315789473684,151,152
12476659,1.096774193548387,1.2376237623762376,155,101
12640468,1.1985294117647058,1.5862068965517242,136,29
12476664,1.5344827586206897,1.2418300653594772,116,153
12476474,1.1688311688311688,1.2153846153846153,154,65
12476476,1.0784313725490196,1.0657894736842106,153,152
12476477,1.2662337662337662,1.34640522875817,154,153
12476479,0.9108910891089109,1.0392156862745099,101,153
12476480,0.9802631578947368,1.0451612903225806,152,155
12476651,1.2337662337662338,1.2039473684210527,154,152
12476652,1.2254901960784315,1.1333333333333333,102,30
12476654,1.5666666666666667,1.5213675213675213,30,117
12476655,1.3006535947712419,1.197080291970803,153,137
12476656,1.4264705882352942,1.0897435897435896,136,156
12476469,1.0384615384615385,0.9019607843137255,156,102
12476470,1.2121212121212122,1.077922077922078,66,154
12476471,1.0389610389610389,1.270967741935484,154,155
12476473,0.9738562091503268,1.1870967741935483,153,155
12476475,1.344155844155844,1.0718954248366013,154,153
12476646,1.238709677419355,1.4306569343065694,155,137
12476648,1.5084745762711864,1.1290322580645162,118,31
12476649,1.2156862745098038,1.5483870967741935,153,31
12476650,1.1956521739130435,1.0955414012738853,138,157
12476653,1.3051948051948052,1.2524271844660195,154,103
12476464,1.2756410256410255,1.0774193548387097,156,155
12476465,0.8932038834951457,1.1794871794871795,103,156
12476467,1.0636942675159236,1.2238805970149254,157,67
12476468,1.3483870967741935,1.032258064516129,155,155
12476472,1.0714285714285714,0.974025974025974,154,154
12476642,1.1875,1.1870503597122302,32,139
12476644,1.2596153846153846,1.2077922077922079,104,154
12476645,1.1265822784810127,1.495798319327731,158,119
12476647,1.4492753623188406,1.2967741935483872,138,155
12476643,1.53125,1.2371794871794872,32,156
12476460,0.9741935483870968,0.8846153846153846,155,104
12476461,1.0769230769230769,1.3525641025641026,156,156
12476462,1.2058823529411764,1.070967741935484,68,155
12476463,1.0256410256410255,1.0632911392405062,156,158
12476466,1.1847133757961783,1.286624203821656,157,157
12476637,1.2292993630573248,1.1515151515151516,157,33
12476638,1.206451612903226,1.1257861635220126,155,159
12476639,1.1928571428571428,1.2666666666666666,140,105
12476640,1.5083333333333333,1.4460431654676258,120,139
12476641,1.2884615384615385,1.606060606060606,156,33
12473322,1.4428571428571428,1.2115384615384615,140,156
12473327,1.125,1.3121019108280254,160,157
12473328,1.1470588235294117,1.588235294117647,34,34
12473335,1.2830188679245282,1.2215189873417722,106,158
12473336,1.4958677685950412,1.1914893617021276,121,141
12476454,1.0445859872611465,1.0828025477707006,157,157
12476455,1.2784810126582278,1.064102564102564,158,156
12476457,1.3439490445859872,0.967948717948718,157,156
12476458,0.8857142857142857,1.2173913043478262,105,69
12476459,1.0566037735849056,1.1898734177215189,159,158
12473330,1.2138364779874213,1.1366459627329193,159,161
12473331,1.3101265822784811,1.4918032786885247,158,122
12473333,1.2101910828025477,1.1714285714285715,157,35
12473334,1.542857142857143,1.280373831775701,35,107
12473337,1.1971830985915493,1.446808510638298,142,141
12476452,1.1823899371069182,1.0569620253164558,159,158
12476453,1.0828025477707006,1.05625,157,160
12476567,1.0759493670886076,0.8962264150943396,158,106
12476570,1.2142857142857142,1.3354430379746836,70,158
12476575,0.9617834394904459,1.2767295597484276,157,159
14035482,1.5040650406504066,1.2777777777777777,123,108
14035486,1.9166666666666667,1.2025316455696202,36,158
14035487,1.0559006211180124,1.1875,161,160
14035495,1.2027972027972027,1.1944444444444444,143,36
14035662,1.3144654088050314,1.050314465408805,159,159
14035663,,1.2394366197183098,0,71
14035664,1.1358024691358024,1.1139240506329113,162,158
14035665,0.9556962025316456,1.069182389937107,158,159
14035666,1.3333333333333333,1.26875,159,160
14343735,1.21875,1.443661971830986,160,142
14035497,1.186335403726708,1.4475524475524475,161,143
14035498,1.2432432432432432,1.0740740740740742,37,162
14035501,1.1949685534591195,1.1944444444444444,159,144
14035502,1.2844036697247707,1.9189189189189189,109,37
14035506,1.2173913043478262,1.4919354838709677,161,124
14035667,1.1132075471698113,0.9559748427672956,159,159
14035668,1.050314465408805,1.0,159,1
14035669,1.2732919254658386,1.3144654088050314,161,159
14035670,1.2638888888888888,1.1411042944785277,72,163
14035671,1.0625,1.325,160,160
14035484,1.9736842105263157,1.1790123456790123,38,162
14035485,1.48,1.19375,125,160
14035488,1.263157894736842,1.2160493827160495,38,162
14035489,1.2818181818181817,1.0674846625766872,110,163
14035672,1.1402439024390243,1.04375,164,160
14035673,1.0,1.062111801242236,2,161
14035674,0.95,1.2654320987654322,160,162
14035675,1.329192546583851,1.30625,161,160
14035676,1.10625,1.2602739726027397,160,73
14035491,1.2147239263803682,1.3063063063063063,163,111
14035492,1.4444444444444444,1.9487179487179487,144,39
14035493,1.0609756097560976,1.492063492063492,164,126
14035494,1.1840490797546013,1.2,163,145
14035496,1.204968944099379,1.2307692307692308,161,39
14035677,1.3043478260869565,1.1393939393939394,161,165
14035678,1.0434782608695652,1.3271604938271604,161,162
14035679,1.0617283950617284,1.1055900621118013,162,161
14035681,1.2699386503067485,1.3333333333333333,163,3
14035683,1.2837837837837838,0.9627329192546584,74,161
14035500,1.25,1.4413793103448276,40,145
14035503,1.2946428571428572,1.1986301369863013,112,146
14035504,1.2073170731707317,1.1890243902439024,164,164
14035505,1.1975308641975309,1.0727272727272728,162,165
14035680,1.1566265060240963,1.3374233128834356,166,163
14035682,1.1049382716049383,1.0493827160493827,162,162
14035684,1.75,0.9567901234567902,4,162
14035685,1.2682926829268293,1.0613496932515338,164,163
14035686,1.28,1.308641975308642,75,162
14035499,1.9,1.4881889763779528,40,127
14035508,1.4315068493150684,1.2024539877300613,146,163
14035509,1.187878787878788,1.3008849557522124,165,113
14035510,1.1972789115646258,1.206060606060606,147,165
14035511,1.072289156626506,1.853658536585366,166,41
14035687,1.3353658536585367,2.4,164,5
14035688,1.0548780487804879,1.2763157894736843,164,76
14035689,1.3006134969325154,1.098159509202454,163,163
14035692,1.0429447852760736,1.2666666666666666,163,165
14035695,0.950920245398773,1.155688622754491,163,167
14035507,1.4765625,1.2439024390243902,128,41
14035512,1.4217687074829932,1.4651162790697674,147,129
14035513,1.1927710843373494,1.201219512195122,166,164
14035514,1.2982456140350878,1.2380952380952381,114,42
14035515,1.1891891891891893,1.8571428571428572,148,42
14035516,1.1987951807228916,1.0778443113772456,166,167
14035690,0.9573170731707317,1.2926829268292683,164,164
14035691,1.1280487804878048,1.3393939393939394,164,165
14035693,1.2857142857142858,1.2590361445783131,77,166
14035694,2.1666666666666665,1.1666666666666667,6,168
14035697,1.0484848484848486,1.0548780487804879,165,164
14035517,1.4615384615384615,1.1812080536912752,130,149
14035518,1.8837209302325582,1.2035928143712575,43,167
14035519,1.255813953488372,1.1916167664670658,43,167
14035520,1.2,1.2869565217391303,165,115
14035521,1.0773809523809523,1.4256756756756757,168,148
14035696,1.3373493975903614,0.9575757575757575,166,165
14035698,1.165680473372781,1.0421686746987953,169,166
14035699,1.2634730538922156,1.1333333333333333,167,165
14035700,1.0545454545454545,1.2820512820512822,165,78
14035703,1.284848484848485,1.8571428571428572,165,7
14035522,1.8863636363636365,1.3181818181818181,44,44
14035524,1.1904761904761905,1.450381679389313,168,131
14035525,1.1964285714285714,1.2048192771084338,168,166
14035526,1.18,1.0828402366863905,150,169
14035701,1.0602409638554218,0.9518072289156626,166,166
14035702,1.1506024096385543,1.75,166,8
14035704,1.2678571428571428,1.1647058823529413,168,170
14035705,1.0479041916167664,1.2951807228915662,167,166
14035706,1.3037974683544304,1.3353293413173652,79,167
14035523,1.2844827586206897,1.4228187919463087,116,149
14501655,1.1788079470198676,1.4133333333333333,151,150
14035527,1.4172185430463575,1.1952662721893492,151,169
14035528,1.4393939393939394,1.2071005917159763,132,169
14035529,1.3111111111111111,1.1710526315789473,45,152
14035530,1.2035928143712575,1.9111111111111112,167,45
14035707,1.2934131736526946,1.2662721893491125,167,169
14035708,1.1695906432748537,1.2875,171,80
14035709,1.7777777777777777,1.0658682634730539,9,167
14035710,1.3333333333333333,1.0416666666666667,168,168
14035711,0.9520958083832335,1.155688622754491,167,167
14035531,1.088235294117647,1.2820512820512822,170,117
14035532,1.9565217391304348,1.271186440677966,46,118
14035533,1.1699346405228759,1.188235294117647,153,170
14035534,1.1964285714285714,1.4285714285714286,168,133
14035535,1.0935672514619883,1.326086956521739,171,46
14297746,1.4144736842105263,1.2,152,170
14035536,1.4052287581699345,1.1623376623376624,153,154
14035538,1.4402985074626866,1.0872093023255813,134,172
14035539,1.1988304093567252,1.9361702127659575,171,47
14035540,1.3191489361702127,1.1893491124260356,47,169
14035542,1.26890756302521,1.1929824561403508,119,171
14035712,1.0595238095238095,1.2916666666666667,168,168
14035713,1.2647058823529411,1.331360946745562,170,169
14035714,1.1488095238095237,1.1686046511627908,168,172
14035715,1.0532544378698225,0.9464285714285714,169,168
14035716,1.2962962962962963,1.9,81,10
14035541,1.9166666666666667,1.092485549132948,48,173
14035543,1.1823529411764706,1.4155844155844155,170,154
14035544,1.191860465116279,1.1548387096774193,172,155
14035545,1.2666666666666666,1.197674418604651,120,172
14035546,1.3125,1.4370370370370371,48,135
14035717,1.3294117647058823,1.0650887573964498,170,169
14035718,1.1676300578034682,1.2840236686390532,173,169
14035719,0.9467455621301775,1.3048780487804879,169,82
14035720,1.8181818181818181,1.2573099415204678,11,171
14035735,1.1538461538461537,1.0647058823529412,169,170
14035548,1.1602564102564104,1.28099173553719,156,121
14035549,1.0862068965517242,1.1754385964912282,174,171
14035555,1.4264705882352942,1.9387755102040816,136,49
14035721,1.2823529411764707,1.327485380116959,170,171
14035722,1.076470588235294,1.1724137931034482,170,174
14035723,1.25,0.9470588235294117,172,170
14035724,1.0584795321637428,1.8333333333333333,171,12
14035725,1.3012048192771084,1.1470588235294117,83,170
14035554,1.1907514450867052,1.1965317919075145,173,173
14035550,1.4306569343065694,1.4258064516129032,137,155
14035551,1.92,1.1592356687898089,50,157
14035556,1.08,1.1896551724137931,175,174
14035559,1.1744186046511629,1.1896551724137931,172,174
14035726,1.1403508771929824,1.280701754385965,171,171
14035727,1.1657142857142857,0.9590643274853801,175,171
14035728,1.2427745664739884,1.0818713450292399,173,171
14035729,1.9230769230769231,1.3255813953488371,13,172
14035730,1.2976190476190477,1.052325581395349,84,172
14035552,1.3061224489795917,1.2704918032786885,49,122
15017622,1.4166666666666667,1.36,156,50
14035553,1.2601626016260163,1.4202898550724639,123,138
14035558,1.1582278481012658,1.1734104046242775,158,173
14035560,1.414012738853503,1.0795454545454546,157,176
14035562,1.2,1.9411764705882353,175,51
14035731,1.2732558139534884,1.2823529411764707,172,85
14035732,1.323699421965318,1.1647727272727273,173,176
14035733,1.0813953488372092,1.1395348837209303,172,172
14035734,0.9767441860465116,1.8571428571428572,172,14
14035736,1.0635838150289016,1.2413793103448276,173,174
14035561,1.4303797468354431,1.2580645161290323,158,124
14035563,1.4172661870503598,1.1885714285714286,139,175
14035564,1.3529411764705883,1.9038461538461537,51,52
14035565,1.1781609195402298,1.1931818181818181,174,176
14035566,1.073446327683616,1.150943396226415,177,159
14035737,1.2716763005780347,0.9710982658959537,173,173
14035738,1.2457142857142858,1.2790697674418605,175,86
14035739,1.1638418079096045,1.8666666666666667,177,15
14035740,1.3275862068965518,1.138728323699422,174,173
14035741,1.0809248554913296,1.0747126436781609,173,174
14035567,1.1875,1.0842696629213484,176,178
14035568,1.8679245283018868,1.421383647798742,53,159
14035569,1.15625,1.4071428571428573,160,140
14035570,1.264,1.1885714285714286,125,175
14035572,1.1864406779661016,1.4038461538461537,177,52
14035742,1.75,1.2816091954022988,16,174
14035743,1.1551724137931034,1.2443181818181819,174,176
14035744,0.9712643678160919,1.3257142857142856,174,175
14035745,1.08,1.1685393258426966,175,178
14035747,1.2758620689655173,1.0804597701149425,87,174
14035571,1.4125,1.1853932584269662,160,178
14035573,1.0837988826815643,1.4326241134751774,179,141
14035574,1.2619047619047619,1.8518518518518519,126,54
14035575,1.1818181818181819,1.3773584905660377,176,53
14035576,1.1807909604519775,1.1614906832298137,177,161
14035746,1.2914285714285714,1.0795454545454546,175,176
14035748,1.1675977653631284,1.2429378531073447,179,177
14035749,1.7058823529411764,1.1542857142857144,17,175
14035750,1.3352272727272727,1.2727272727272727,176,88
14035751,0.9771428571428571,1.0742857142857143,175,175
14035580,1.1604938271604939,1.4037267080745341,162,161
14035582,1.1787709497206704,1.2834645669291338,179,127
14035752,1.1534090909090908,0.9886363636363636,176,176
14035755,1.2921348314606742,1.1666666666666667,89,180
14035756,1.07909604519774,1.3333333333333333,177,177
14035583,1.2734375,1.1595092024539877,128,163
14035585,1.1833333333333333,1.1741573033707866,180,178
14035586,1.443661971830986,1.3703703703703705,142,54
14035760,1.3314606741573034,1.247191011235955,178,178
14035761,0.9887005649717514,1.0786516853932584,177,178
14035767,1.2625698324022345,1.6666666666666667,179,18
15363335,1.0777777777777777,1.8363636363636364,180,55
15305942,1.1675977653631284,1.3454545454545455,179,55
15374710,1.4012345679012346,1.1864406779661016,162,177
14035587,1.1611111111111112,1.2868217054263567,180,129
14035588,1.3571428571428572,1.4171779141104295,56,163
14035591,1.8571428571428572,1.4335664335664335,56,143
14035766,1.152542372881356,1.3,177,90
14035768,1.160220994475138,1.0795454545454546,181,176
14035769,1.6842105263157894,1.0837988826815643,19,179
14035770,0.9943820224719101,1.261111111111111,178,180
14035771,1.329608938547486,1.2954545454545454,179,176
14035590,1.1585365853658536,1.2044198895027625,164,181
15399014,1.6,1.2967032967032968,20,91
14035592,1.4146341463414633,1.4236111111111112,164,144
14035593,1.160220994475138,1.1853932584269662,181,178
14035594,1.3,1.3859649122807018,130,57
14035595,1.1515151515151516,1.8596491228070176,165,57
14035597,1.2032967032967032,1.0828729281767955,182,181
14035772,1.2994350282485876,1.151685393258427,177,178
14035773,1.0847457627118644,1.3369565217391304,177,92
14035774,1.164835164835165,1.3277777777777777,182,180
14035775,1.5238095238095237,0.9888268156424581,21,179
14035776,1.2596685082872927,1.0888888888888888,181,180
14035596,1.4275862068965517,1.3053435114503817,145,131
14035598,1.396551724137931,1.1593406593406594,58,182
14035777,0.9888888888888889,1.1639344262295082,180,183
14035781,1.0883977900552486,1.297752808988764,181,178
14035782,1.3314917127071824,1.5909090909090908,181,22
15336943,1.2905027932960893,1.1576086956521738,179,184
15416466,1.1508379888268156,1.095505617977528,179,178
15456958,1.1899441340782122,1.0879120879120878,179,182
14035602,1.1530054644808743,1.4246575342465753,183,146
14035604,1.2076502732240437,1.1833333333333333,183,180
14035605,1.144578313253012,1.0874316939890711,166,183
14035606,1.303030303030303,1.4181818181818182,132,165
14035778,1.288888888888889,1.608695652173913,180,23
14035787,1.3440860215053763,1.3241758241758241,93,182
14035603,1.8275862068965518,1.423728813559322,58,59
15332289,1.4217687074829932,1.1878453038674033,147,181
15366428,1.094972067039106,1.7083333333333333,179,24
15547533,1.2582417582417582,1.15,182,180
15368752,1.7966101694915255,1.1576086956521738,59,184
14035607,1.4324324324324325,1.1437125748502994,148,167
14035608,1.4166666666666667,1.2065217391304348,60,184
14035609,1.4216867469879517,1.7833333333333334,166,60
14035610,1.1868131868131868,1.300751879699248,182,133
14035611,1.0869565217391304,1.1513513513513514,184,185
14035786,1.84,1.1513513513513514,25,185
14035788,1.160220994475138,1.3169398907103824,181,183
14035789,1.0944444444444446,1.2513661202185793,180,183
14035790,0.994475138121547,1.292817679558011,181,181
14035792,1.0824175824175823,1.3297872340425532,182,94
15395623,1.2445652173913044,1.2912087912087913,184,182
15399013,1.1505376344086022,1.1758241758241759,186,182
15416481,1.0939226519337018,1.309782608695652,181,184
14035612,1.1505376344086022,1.4311377245508983,186,167
14035613,1.7540983606557377,1.1967213114754098,61,183
14035614,1.1437125748502994,1.4098360655737705,167,61
14035615,1.2985074626865671,1.0972972972972972,134,185
14035616,1.2054054054054053,1.4324324324324325,185,148
14035791,1.169398907103825,1.8846153846153846,183,26
14035793,1.3027027027027027,1.0,185,182
14035794,1.2486486486486486,1.1443850267379678,185,187
14035795,1.0874316939890711,1.098901098901099,183,182
14035796,1.3263157894736841,1.284153005464481,95,183
15458714,1.34375,1.2419354838709677,96,186
15490658,1.1956521739130435,1.1369047619047619,184,168
15490775,1.7419354838709677,1.2043010752688172,62,186
14035617,1.4345238095238095,1.136094674556213,168,169
14035618,1.4228187919463087,1.096774193548387,149,186
14035619,1.1443850267379678,1.7142857142857142,187,63
14035620,1.3870967741935485,1.1945945945945946,62,185
14035621,1.288888888888889,1.2032085561497325,135,187
14035797,1.2771739130434783,1.2352941176470589,184,187
14035798,1.1436170212765957,1.3505154639175259,188,97
14035799,1.9259259259259258,1.1038251366120218,27,183
14035800,1.2956989247311828,1.0869565217391304,186,184
14035801,0.994535519125683,1.1684782608695652,183,184
15422405,1.2864864864864864,1.0978260869565217,185,184
15530801,1.0962566844919786,1.4378698224852071,187,169
15588942,1.1534391534391535,1.0864864864864865,189,185
14035622,1.734375,1.286764705882353,64,136
14035624,1.4126984126984128,1.4266666666666667,63,150
14035626,1.1063829787234043,1.202127659574468,188,188
14035627,1.1352941176470588,1.1382978723404256,170,188
14035802,1.2446808510638299,0.9945652173913043,188,184
14035803,1.0972972972972972,1.1578947368421053,185,190
14035804,1.2849462365591398,1.304812834224599,186,187
14035805,1.0806451612903225,1.9642857142857142,186,28
14035806,1.336734693877551,1.1675675675675676,98,185
14035623,1.1881720430107527,1.4352941176470588,186,170
15457468,1.40625,1.1005291005291005,64,189
15588903,1.3333333333333333,1.0054054054054054,99,185
14035625,1.423841059602649,1.7230769230769232,151,65
14035628,1.4502923976608186,1.4307692307692308,171,65
14035629,1.2992700729927007,1.1375661375661377,137,189
14035631,1.2010582010582012,1.128654970760234,189,171
14035632,1.1,1.2085561497326203,190,187
14035807,1.1666666666666667,1.085561497326203,186,187
14035808,1.1570680628272252,1.2941176470588236,191,187
14035809,1.297872340425532,1.096774193548387,188,186
14035810,1.0,1.32,186,100
14035811,1.896551724137931,1.2380952380952381,29,189
15588896,1.106951871657754,1.0,187,187
15588927,1.0851063829787233,1.1711229946524064,188,187
14035637,1.4242424242424243,1.3043478260869565,66,138
14035635,1.1421052631578947,1.2052631578947368,190,190
14035814,1.1614583333333333,0.9946808510638298,192,188
14035630,1.447674418604651,1.0994764397905759,172,191
14035633,1.7121212121212122,1.122093023255814,66,172
14035812,1.2925531914893618,1.0952380952380953,188,189
14035813,1.2421052631578948,1.291005291005291,190,189
14035815,1.1117021276595744,1.1702127659574468,188,188
14035816,1.316831683168317,1.9333333333333333,101,30
14035634,1.1271676300578035,1.3021582733812949,173,139
14035636,1.4276315789473684,1.4450867052023122,152,173
14035638,1.2094240837696335,1.7014925373134329,191,67
14035645,1.2074468085106382,1.1465968586387434,188,191
14035817,1.164021164021164,1.2408376963350785,189,191
14035818,1.8709677419354838,1.291005291005291,31,189
14035819,1.2842105263157895,1.3137254901960784,190,102
14035820,1.0894736842105264,1.16580310880829,190,193
14035827,0.9947089947089947,1.1164021164021165,189,189
15881894,1.2063492063492063,1.4183006535947713,189,153
14035640,1.6764705882352942,1.4425287356321839,68,174
14035642,1.140625,1.0989583333333333,192,192
14035643,1.1264367816091954,1.2105263157894737,174,190
14035644,1.3,1.4285714285714286,140,154
14035821,1.1649484536082475,1.2395833333333333,194,192
14035822,1.3300970873786409,1.0890052356020943,103,191
14035823,0.9947368421052631,1.875,190,32
14035824,1.1157894736842104,1.2894736842105263,190,190
14035826,1.2774869109947644,1.1736842105263159,191,190
14035641,1.21875,1.4179104477611941,192,67
15680573,1.0984455958549222,1.411764705882353,193,68
14032707,1.8181818181818181,1.2708333333333333,33,192
14032715,1.1727748691099475,1.1692307692307693,191,195
14032717,1.238341968911917,1.1099476439790577,193,191
14032718,1.09375,0.9947643979057592,192,191
14032721,1.293193717277487,1.3269230769230769,191,104
14035646,1.4342857142857144,1.145077720207254,175,193
14035647,1.4193548387096775,1.2124352331606219,155,193
14035648,1.4202898550724639,1.1314285714285715,69,175
14035650,1.2094240837696335,1.6666666666666667,191,69
14035651,1.092783505154639,1.3049645390070923,194,141
14032708,1.163265306122449,1.8823529411764706,196,34
14032710,1.1770833333333333,1.2864583333333333,192,192
14032714,1.3333333333333333,1.1145833333333333,105,192
14032719,0.9947916666666666,1.2642487046632125,192,193
14032720,1.0880829015544042,1.2422680412371134,193,194
14035652,1.1391752577319587,1.4142857142857144,194,70
14035653,1.125,1.4230769230769231,176,156
14035654,1.3028169014084507,1.203125,142,192
14035655,1.6714285714285715,1.0923076923076922,70,195
14035656,1.2061855670103092,1.4375,194,176
16362400,1.4267515923566878,1.8045977011494252,157,87
16362401,1.4293785310734464,1.1384615384615384,177,195
16362404,1.8571428571428572,1.3076923076923077,35,143
16362405,1.2072538860103628,1.6901408450704225,193,71
16362406,1.0918367346938775,,196,0
16362581,1.1865284974093264,1.0876288659793814,193,194
16362582,1.2577319587628866,1.1139896373056994,194,193
16362583,1.2849740932642486,1.330188679245283,193,106
16362584,1.0103626943005182,1.11864406779661,193,177
16362792,1.241025641025641,1.1573604060913705,195,197
16362408,1.1326530612244898,1.4177215189873418,196,158
16362409,1.3055555555555556,1.0862944162436547,144,197
16362410,1.7222222222222223,1.4213483146067416,72,178
16362412,1.0,1.2010309278350515,1,194
16362413,1.7840909090909092,1.9166666666666667,88,36
16362579,1.1515151515151516,1.190721649484536,198,194
16362580,1.3457943925233644,1.2512820512820513,107,195
16362585,1.087179487179487,1.288659793814433,195,194
16362588,1.1123595505617978,1.239795918367347,178,196
16362589,1.1288659793814433,1.0103092783505154,194,194
16362414,1.4134078212290502,1.1948717948717948,179,195
16362415,1.8918918918918919,1.4088050314465408,37,159
16362417,1.7123287671232876,1.7640449438202248,73,89
16362419,1.0858585858585859,1.1370558375634519,198,197
16362586,1.2871794871794873,1.1846153846153846,195,195
16362587,1.150753768844221,1.2551020408163265,199,196
16362590,1.0102564102564102,1.2385786802030456,195,197
16362591,1.0816326530612246,1.3425925925925926,196,108
16362593,1.1282051282051282,1.1229050279329609,195,179
16362416,1.7444444444444445,1.5,90,2
16362421,1.1363636363636365,1.7297297297297298,198,74
16362422,1.296551724137931,1.4222222222222223,145,180
16362423,1.4,1.085427135678392,160,199
16362426,1.1887755102040816,1.868421052631579,196,38
16362592,1.1887755102040816,1.0204081632653061,196,196
16362594,1.2323232323232323,1.0812182741116751,198,197
16362595,1.3302752293577982,1.1428571428571428,109,196
16362596,1.263959390862944,1.2857142857142858,197,196
16362597,1.1222222222222222,1.145,180,200
16362598,1.2626262626262625,1.015228426395939,198,197
16362425,1.7362637362637363,1.1306532663316582,91,199
16362427,1.425414364640884,1.08,181,200
16362428,1.1928934010152283,1.2876712328767124,197,146
16362429,1.7066666666666668,1.4099378881987579,75,161
16362599,1.1472081218274113,1.236180904522613,197,199
16362600,1.2791878172588833,1.1393034825870647,197,201
16362601,1.0858585858585859,1.132596685082873,198,181
16362610,1.3363636363636364,1.1979695431472082,110,197
16362430,2.0,1.8205128205128205,3,39
