referee_id,referee_name,matches,penalty_attempts,attempts_per_match,cohort
23c4phire0izwunnfncjl8a38,Mark Daly,1,0,0.0,reconciled_components
3zu5nxywlbxjpwazsvktn6tat,Steven Reid,28,3,0.10714285714285714,reconciled_components
4oyle92nqzmfq1vj2ff0rh68l,Mike Roncone,25,3,0.12,reconciled_components
a7x0em5gl5w3ynjmkamtg1xp1,Connor Ashwood,15,2,0.13333333333333333,reconciled_components
bxvet3x1qjc6n0o20o7h28uz9,Graham Beaton,21,3,0.14285714285714285,reconciled_components
au7io1r0wfk8hb7qbbhae6uad,Jordan Curran,48,7,0.14583333333333334,reconciled_components
9dgds61vqncdtk8t34o2xzmc5,Peter Stuart,90,15,0.16666666666666666,reconciled_components
aofjfn7hxazjccrimv8xil1ih,Daniel Graves,65,11,0.16923076923076924,reconciled_components
8dzc0favgeocs0qf3qjvxkhxx,Alan Newlands,40,7,0.175,reconciled_components
bsgoa7pyamnu6flsgyt6eut3p,David Dickinson,17,3,0.17647058823529413,reconciled_components
8bwao9nwgzzu4fabl4i97dhhx,Greg Aitken,11,2,0.18181818181818182,reconciled_components
cyqb0hicgwutsawc1dpxvtyc4,Josh Hay,22,4,0.18181818181818182,reconciled_components
37mi4s0jgmr4j3l3q2hqwvi8k,Andy Gamble,21,4,0.19047619047619047,reconciled_components
em2givezst0lq5g10owzusxxx,Alex Shepherd,31,6,0.1935483870967742,reconciled_components
9k3hqjvkmo76ie1hf24h5tnf9,Graham Grainger,71,14,0.19718309859154928,reconciled_components
b91bdxwcvjd956opb2py2nf2s,Joel Kennedy,39,8,0.20512820512820512,reconciled_components
1emih5dnnm45p0qcetdhamdx,Chris Fordyce,53,11,0.20754716981132076,reconciled_components
mb39kmc5hg5dahpssor662mt,Lloyd Wilson,72,15,0.20833333333333334,reconciled_components
a0ot7jnqoewzfk6gs3tyjlmnd,Ryan Lee,28,6,0.21428571428571427,reconciled_components
9aepys44a4l8p2iqrn9wdjd3o,Jamie McCunnie,14,3,0.21428571428571427,reconciled_components
ep76888edvvweefbdirvpfmj9,Gavin Ross,9,2,0.2222222222222222,reconciled_components
byb55tj0n1soxr5kb1eyi3qvp,Colin Steven,27,6,0.2222222222222222,reconciled_components
bthh5d6lwyaqvhfk88omn9fkk,Jamie Wilkie,17,4,0.23529411764705882,reconciled_components
eioon1oyvekflpm38sc2jjdhw,Sean Murdoch,45,11,0.24444444444444444,reconciled_components
jpxnj3ldprjwce3a2be0yqxh,Grant Irvine,32,8,0.25,reconciled_components
8j68r4kmdypfbbdem779m7kl,David Lowe,8,2,0.25,reconciled_components
9ap7c82qfqp96g8fwr04k565m,Gary Hanvidge,34,9,0.2647058823529412,reconciled_components
ebe4evu4jimqxiodq4bwudjah,Stewart Luke,79,21,0.26582278481012656,reconciled_components
c3q6ws8z22e1omcjxligshhwp,Alastair Grieve,67,18,0.26865671641791045,reconciled_components
6sdr8stbqiaqo6uahg2yd5cr9,Kevin Graham,11,3,0.2727272727272727,reconciled_components
j8g304sx1bb6gdsqflnnx711,Chris Graham,40,11,0.275,reconciled_components
ce99qkhcskrwsmvjxire8u1d6,Dan McFarlane,54,15,0.2777777777777778,reconciled_components
6erk3vt9g07sd95q904x0lhpl,George Calder,72,20,0.2777777777777778,reconciled_components
2uj0dj4adthw53b4jwyo01o89,Greg Soutar,61,17,0.2786885245901639,reconciled_components
ef201gyzs03xy93ixiul2ums5,Matthew McDermid,32,9,0.28125,reconciled_components
4zln8siolia7z34wqapbmgs7p,Euan Anderson,35,10,0.2857142857142857,reconciled_components
ew0v8dkopswiypvsqijzvz3e,Duncan Nicolson,28,8,0.2857142857142857,reconciled_components
2nwo0kkbkm3p944ew8io2mdpl,Iain Snedden,59,17,0.288135593220339,reconciled_components
jk80yb2y248j814k94zqvrv9,Barry Cook,53,16,0.3018867924528302,reconciled_components
a5gognfw3xn5vhcko162iq7yt,Gavin Duncan,44,15,0.3409090909090909,reconciled_components
2o96vwrzkhrwplbp0z4x78mw9,Colin Whyte,44,15,0.3409090909090909,reconciled_components
8eqxby1ierpiog6g3sh955iad,Steven Kirkland,63,22,0.3492063492063492,reconciled_components
jhgm0btbydq46vgrd931hfkk,Cameron Stirling,22,8,0.36363636363636365,reconciled_components
9nxhkk9yke5p6e3iyg3ou8wt0,Lewis Hogarth,19,7,0.3684210526315789,reconciled_components
mgxw0j6cj0x17rvdlc964pn9,Duncan Williams,92,35,0.3804347826086957,reconciled_components
31bf07ohsse69wdznlckowafp,Daniel McFarlane,5,2,0.4,reconciled_components
21moh7ea3ftia3jkdb6pvimdx,Craig Napier,26,11,0.4230769230769231,reconciled_components
dzranvufdfmhfamhzvzt6aok5,Scott Lambie,50,22,0.44,reconciled_components
4pd0cg3g2g69d4rk8cpecp0wl,Calum Scott,59,26,0.4406779661016949,reconciled_components
7luf1hybr5lvjzerdmjpxr0mh,Ross Hardie,40,19,0.475,reconciled_components
66pzin51pbju8o233xuj53g0l,Alan James Muir,14,7,0.5,reconciled_components
92eeu4b1d1ovae5np432u6ehh,Ross Birrell,4,2,0.5,reconciled_components
dhr0dccgaep6rtse8cfk94fvu,Abbie Hendry,9,5,0.5555555555555556,reconciled_components
35t8tzl9dfc9dsno4y3ezmc8a,Lorraine Watson,8,5,0.625,reconciled_components
6t9ay0iyzyxicahf6h0yb536y,Ross Clark,3,2,0.6666666666666666,reconciled_components
ejn9lmzwsmvibvknkro3024tl,Euan Birch,3,2,0.6666666666666666,reconciled_components
cc8rdi65inuhyhac2ss6yb4d1,Steven McLean,1,1,1.0,reconciled_components
9hs2fx46hz4dnj8q935ez6n84,Tommi Kerr,1,1,1.0,reconciled_components
