replicate,pearson_x2,dispersion
1,4114.519937965806,1.0509629471177027
2,3881.009883265674,0.9913179778456384
3,4181.301386761492,1.0680207884448254
4,3998.0360626987876,1.021209722272998
5,3939.4499856327197,1.006245207058166
6,3840.25040891119,0.980906873285106
7,3907.5024712089357,0.9980849224033042
8,3922.0318611862804,1.0017961331254868
9,4086.824575476602,1.0438887804537937
10,3895.11674523674,0.9949212631511468
11,3933.615587775428,1.0047549394062396
12,3874.736720516737,0.9897156374244539
13,3919.5813942365253,1.0011702156415134
14,3918.078889316479,1.0007864340527406
15,3866.5622708516403,0.9876276553899465
16,3976.932397645848,1.0158192586579433
17,4024.286958279854,1.0279149318722487
18,3890.5325696232103,0.9937503370685083
19,3880.245024161638,0.9911226115355397
20,3894.7208493505836,0.9948201403194339
21,3932.2981737542596,1.0044184351862733
22,3999.787056409479,1.0216569748172362
23,4112.99920302015,1.0505745090728353
24,4133.770814838923,1.0558801570469791
25,3825.5024625924616,0.9771398371883683
26,3885.5231680957822,0.9924707964484757
27,3861.907900112943,0.9864387995179931
28,3915.840940231095,1.0002147995481725
29,4005.569704773297,1.0231340242077387
30,3995.4847344242276,1.0205580419985256
31,3941.5304329406135,1.006776611223656
32,3892.9710665429757,0.994373197073557
33,4120.922332574559,1.0525982969539103
34,3903.113032388332,0.9969637375193696
35,3973.005752611404,1.0148162841919295
36,3862.760030759458,0.9866564574098232
37,3764.4510419624166,0.9615456045881013
38,3962.127759901612,1.0120377419927489
39,3892.178013870006,0.9941706293409976
40,3826.009097120138,0.9772692457522703
41,3866.026398474258,0.9874907786652
42,3921.7220537412163,1.0017169996784716
43,3890.9223916269566,0.993849908461547
44,4028.3096744714994,1.0289424455865899
45,3898.9640744952967,0.9959039781597182
46,3976.356805607699,1.0156722364259767
47,3936.4977787176767,1.0054911312177974
48,3905.0111894646707,0.9974485796844625
49,3968.6704018614405,1.0137089149071368
50,3908.6964407196474,0.998389895458403
51,3931.6032604694146,1.004240934985802
52,3856.223586624682,0.9849868675925113
53,3859.2390430452087,0.9857570991175502
54,3887.8009183003574,0.9930525972670133
55,3903.1901426315026,0.9969834336223506
56,3934.8637213889538,1.0050737474812141
57,3864.979440282781,0.9872233563940692
58,3937.85167199102,1.0058369532544111
59,3899.465713650171,0.9960321107663272
60,3876.7046098734936,0.9902182911554263
61,3955.922050910462,1.0104526311393263
62,4014.4220488178735,1.0253951593404529
63,3926.9703687459705,1.0030575654523552
64,3829.8581850640103,0.9782524099780359
65,3958.1448733323464,1.0110204018728854
66,3954.6113313829296,1.0101178368794201
67,4009.5934575466654,1.0241618026939119
68,3811.5845324112215,0.973584810322151
69,3975.2842930889474,1.015398286868186
70,4021.836389598694,1.0272889884032423
71,4110.987309651358,1.0500606154920455
72,3916.0552870198067,1.0002695496857743
73,3988.8038497543457,1.018851558047087
74,3829.1830718351284,0.9780799672631235
75,3869.8324373996893,0.9884629469731007
76,3945.241636086873,1.007724555833173
77,3879.1657116897027,0.9908469250803839
78,3995.997079556475,1.0206889092098277
79,3846.3194858523593,0.982457084508904
80,3739.594276660962,0.9551964946771295
81,3861.1580172373565,0.9862472585536032
82,3902.149916947728,0.996717731021131
83,3969.8807365734483,1.0140180680902806
84,3947.8133597596325,1.0083814456601872
85,3924.2877381351527,1.0023723469055308
86,3885.5423436316532,0.9924756944142153
87,3838.8983453030214,0.9805615185959187
88,3913.3297019198617,0.9995733593665036
89,3900.7449267306383,0.9963588574024619
90,4039.835713446826,1.0318865168446554
91,3993.524870662527,1.0200574382279763
92,3853.2378765485096,0.9842242341120075
93,3873.810690788425,0.9894791036496615
94,3882.8696178505897,0.9917930058366768
95,3914.5414728605015,0.9998828794024269
96,4081.6584732616116,1.0425692141153542
97,3863.1760542471347,0.9867627213913499
98,3989.467318717275,1.0190210264922797
99,3712.736598347028,0.9483362958740813
100,4000.112430169565,1.0217400843344993
101,3923.018837759132,1.0020482344212343
102,4049.451470787769,1.034342648987936
103,3852.540233049488,0.9840460365388219
104,3840.666012119007,0.9810130299154551
105,3945.171839553614,1.0077067278553293
106,3911.3103796265823,0.9990575682315663
107,3941.641579101856,1.0068050010477283
108,3775.246944275047,0.964303178614316
109,3966.2793090672503,1.0130981632355684
110,3844.6491329146766,0.9820304298632635
111,3799.2913445135914,0.9704447878706491
112,3974.0247780336954,1.0150765716561163
113,3823.2213744669266,0.9765571837718842
114,3911.5510593883623,0.999119044543643
115,3899.8585030689837,0.9961324401197915
116,3765.694747589234,0.9618632816319882
117,3830.941770395343,0.9785291878404453
118,3952.593160550925,1.009602339859751
119,3903.0321156699156,0.9969430691366323
120,3830.654279194052,0.9784557545834105
121,3907.84753861872,0.9981730622270039
122,3970.414184079128,1.0141543254352818
123,3974.692531373911,1.015247134450552
124,3965.8040477848544,1.0129767682719935
125,3987.899698270804,1.0186206125851351
126,3926.415411178662,1.0029158138387386
127,3874.4212671139667,0.9896350618426479
128,3766.7410313931946,0.9621305316457713
129,3926.67672693873,1.002982561159318
130,3912.953870543198,0.9994773615691438
131,3770.537856715197,0.9631003465428345
132,3856.4873082003032,0.9850542294253648
133,4171.1293296011245,1.0654225618393678
134,3996.7186142340634,1.0208732092551887
135,3875.1761034990404,0.9898278680712747
136,3829.4269012460572,0.9781422480832841
137,3985.823124538952,1.0180901978388128
138,4018.8731224285016,1.026532087465773
139,3977.055125499708,1.0158506067687632
140,3898.6553369337744,0.995825117990747
141,3831.7583571698588,0.9787377668377673
142,3982.358157355577,1.0172051487498281
143,4073.683997910838,1.0405323110883367
144,3935.155864846175,1.00514836905394
145,3826.3445434276937,0.9773549280785936
146,3750.8906231131173,0.9580818960697618
147,3860.731384864134,0.9861382847673394
148,4002.485124138648,1.022346136433882
149,3866.205485279315,0.987536522421281
150,3891.150030058058,0.9939080536546764
151,3906.7137492277025,0.9978834608499879
152,3915.076872126596,1.0000196352813782
153,3774.9242476751347,0.9642207529182975
154,3864.810002157994,0.9871800771795642
155,3861.4314837403026,0.9863171095122101
156,3929.925122075273,1.003812291717822
157,4085.0459605116007,1.043434472672184
158,3898.620571501492,0.9958162379314156
159,3905.6045495973945,0.9976001403824762
160,3864.2459220364717,0.9870359954116147
161,3888.100364327473,0.9931290841194056
162,3825.406164352385,0.9771152399367522
163,3861.3134287915564,0.9862869549914576
164,3846.1882946515702,0.982423574623645
165,3885.3438970522047,0.992425005632747
166,3895.733683802895,0.9950788464375211
167,3849.39264148244,0.9832420540185032
168,3901.103714425587,0.9964505017689878
169,4034.729511668861,1.0305822507455584
170,4077.1480897378487,1.0414171365869345
171,3967.9923032331885,1.0135357096381068
172,3846.9859014623767,0.9826273056098025
173,3799.1583754344447,0.9704108238657585
174,3897.2603156599,0.9954687907177266
175,3962.677280565139,1.0121781048697673
176,3901.208166524428,0.9964771817431489
177,3871.3392691953777,0.98884783376638
178,3732.6299716268313,0.9534176172737756
179,3936.3121045140583,1.00544370485672
180,3894.278738468727,0.9947072128911181
181,3769.052298664078,0.962720893656214
182,3798.606280303477,0.9702698033980784
183,3779.6983311276326,0.9654401867503531
184,3915.4099589625216,1.0001047149329556
185,3864.932098343641,0.9872112639447359
186,3923.163757226337,1.0020852508879532
187,3878.720017129144,0.990733082280752
188,3779.922938254668,0.9654975576640277
189,3976.2224905207063,1.0156379286132071
190,3967.140427526884,1.0133181168651044
191,3926.1417978581635,1.0028459253788413
192,3968.1232467348054,1.013569156254101
193,3986.149931359921,1.0181736733997244
194,3817.2584046684005,0.9750340752665135
195,4016.2209161431097,1.0258546401387254
196,3872.8887622819993,0.9892436174411237
197,3991.8895513309717,1.0196397321407336
198,4026.6986758984476,1.0285309516981986
199,4093.692450816219,1.0456430270284085
200,3793.9203850164713,0.9690728952787921
201,3837.461104825258,0.9801944073627735
202,3835.3207669162193,0.9796477054702987
203,3849.7621795555406,0.9833364443309172
204,4065.4782388918607,1.0384363317731444
205,3802.9919535220315,0.971390026442409
206,3933.668696819688,1.0047685049347863
207,3830.1632983931468,0.9783303444171512
208,3921.1573071646108,1.0015727476793386
209,3893.2152784802,0.9944355756015837
210,3960.072738368323,1.011512832277988
211,3950.9716889101264,1.00918817085827
212,3900.9366632614356,0.996407832250686
213,3903.6937274422285,0.9971120632036343
214,3962.222388196576,1.0120619126938892
215,3871.2114126518795,0.9888151756454354
216,3794.8144661534734,0.9693012684938629
217,3745.2718998216114,0.9566467177066695
218,3947.8654453682902,1.0083947497747867
219,4170.8240389609655,1.0653445821100807
220,3702.5940225368913,0.9457455996262814
221,3889.7648166758854,0.9935542315902645
222,3841.804476592554,0.9813038254387111
223,3945.544084842968,1.0078018096661476
224,3815.115249920438,0.9744866538749523
225,3903.678120452187,0.9971080767438537
226,3896.895960811994,0.9953757243453369
227,3894.102736284799,0.9946622570331543
228,3841.247863698667,0.9811616510085995
229,3978.3810755404893,1.0161892913257955
230,3941.9471648102863,1.006883056145667
231,3886.9685499388306,0.9928399872129836
232,4162.227852954364,1.0631488768721236
233,3839.423791851315,0.9806957322736437
234,4022.4189081243926,1.027437779852974
235,3956.7046379707776,1.0106525256630339
236,3984.3449323421573,1.0177126263964642
237,4049.215322551753,1.0342823301537045
238,3938.1216420052833,1.0059059111124606
239,3789.5552288556037,0.9679579128622232
240,3806.0556959439914,0.9721725915565751
241,3994.369682558394,1.0202732267071248
242,3829.1309316273214,0.978066649202381
243,3867.286776117474,0.9878127142062513
244,3955.0529981069985,1.010230650857471
245,4035.5887353398684,1.0308017203933253
246,4016.300063447259,1.0258748565637954
247,3992.589648122703,1.0198185563531807
248,3920.1767382659773,1.0013222830819866
249,3914.590211088463,0.9998953285028003
250,3986.8145273675505,1.0183434297235123
251,3949.968143678653,1.0089318374658118
252,3781.7873309752977,0.9659737754726175
253,3986.9681196731754,1.0183826614746296
254,3602.786344285998,0.9202519397920812
255,3964.293877739868,1.012591028796901
256,3881.7874572738206,0.9915165918962504
257,3873.4408509379646,0.9893846362549079
258,4046.6658464640977,1.0336311229793353
259,3905.2323397488126,0.9975050676242178
260,3892.806884322217,0.9943312603632738
261,3930.449393794268,1.003946205311435
262,3985.9280242846207,1.018116992154437
263,3826.712152479904,0.9774488256653651
264,4034.230371385539,1.0304547564203164
265,3819.4486675492017,0.9755935293867692
266,4006.8417967248197,1.0234589519092772
267,3896.948975617262,0.9953892658026212
268,3895.57378509997,0.9950380038569527
269,3932.1531958892992,1.0043814038031416
270,3982.89475376868,1.017342210413456
271,3770.050054926641,0.9629757483848381
272,3932.7274406088663,1.0045280818924307
273,4033.583622290961,1.0302895586950092
274,3829.2625152474693,0.9781002593224698
275,3914.439605870848,0.9998568597371259
276,3886.7877044044562,0.992793794228469
277,3838.14750993486,0.9803697343384061
278,3806.8254452750125,0.9723692069667976
279,3970.437662658069,1.0141603225180253
280,4065.9603235722934,1.0385594696225526
281,3932.3962898546965,1.0044434967700375
282,3992.6102971277605,1.0198238306839746
283,3819.6319065399193,0.9756403337266716
284,3830.8772967896243,0.9785127194864941
285,4053.4123981677058,1.0353543801194651
286,3891.117134329068,0.9938996511696214
287,3791.7226084756057,0.9685115219605634
288,3938.030285087293,1.00588257601208
289,3782.446667918244,0.9661421884848644
290,3892.2709865527813,0.99419437715269
291,3878.02786597645,0.9905562876057343
292,3934.0401179797873,1.0048633762400478
293,3887.881149490221,0.993073090546672
294,3860.3699341634674,0.9860459601950108
295,3942.1717515994387,1.00694042186448
296,3891.49304844345,0.993995670100498
297,4081.0167023604954,1.042405287959258
298,3938.316926784721,1.0059557922821765
299,3981.782547984657,1.0170581220905892
300,3754.1901421728935,0.9589246851016331
301,3940.563429359469,1.0065296115860713
302,3777.911058974466,0.964983667681856
303,3913.1151344274303,0.9995185528550269
304,3793.7577093770406,0.9690313433913258
305,3909.0214385611503,0.9984729089555939
306,4018.5156635594317,1.0264407825183735
307,3871.906072472172,0.988992611104003
308,4035.742022925782,1.0308408743105446
309,3978.304337899587,1.0161696903958077
310,3888.551570007734,0.993244334612448
311,3986.4947411823646,1.0182617474284457
312,3804.1915619483766,0.9716964398335572
313,3966.659941610995,1.013195387384673
314,4056.1778457895302,1.0360607524366616
315,4013.7172406474383,1.025215131710712
316,3866.052403774527,0.9874974211429188
317,4043.5579557046476,1.0328372811506124
318,3948.571463765165,1.008575086530055
319,3699.481898175533,0.9449506764177606
320,3873.1661585999736,0.9893144721839013
321,3994.8584333012,1.0203980672544573
322,3861.5789892231683,0.9863547865193277
323,3921.0375616156875,1.0015421613322317
324,3806.960960662027,0.972403821369611
325,3881.89030977425,0.9915428632884419
326,3719.892856731965,0.9501642035075262
327,3881.3851350976347,0.9914138276111455
328,3930.688473725679,1.0040072729822935
329,3958.640667109652,1.0111470414073185
330,3938.125627523892,1.0059069291248766
331,3908.4492953263793,0.9983267676440305
332,3796.5966621315374,0.96975649096591
333,4050.462613212224,1.0346009229149997
334,3812.5369109687263,0.9738280743215137
335,3759.776705307649,0.9603516488652999
336,3876.3992419092892,0.990140291675425
337,3885.016860293955,0.992341471339452
338,4150.921273082615,1.060260861579212
339,4014.578559400773,1.025435136500836
340,4030.755217536752,1.0295671053733721
341,3873.6251687955373,0.9894317161674425
342,3849.2429519502716,0.9832038191443861
343,3935.918303191386,1.0053431170348368
344,3964.0252606155896,1.0125224165046205
345,3791.1476281974,0.9683646559891188
346,3792.200645494666,0.9686336259245635
347,3911.6052648381647,0.9991328901246909
348,3978.524307955096,1.0162258768723107
349,3882.1151319516566,0.9916002891319685
350,3946.622040395826,1.0080771495263923
351,3856.132600052007,0.9849636270886353
352,3833.2323679353403,0.9791142702261406
353,4022.4284296920864,1.027440211926459
354,3759.104128442352,0.9601798540082636
355,4018.150149971887,1.0263474201716187
356,4065.9730751011393,1.0385627267180433
357,3841.3819568433873,0.9811959021311334
358,3865.047040546486,0.9872406233835214
359,3917.189829382558,1.0005593433927351
360,3775.224160608473,0.9642973590315385
361,3888.833594505725,0.9933163715212581
362,4004.159088446233,1.022773713523942
363,3959.205434088667,1.0112912986177949
364,3984.749076075423,1.0178158559579624
365,3940.5569565669675,1.0065279582546534
366,3949.3410340453015,1.0087716562056965
367,3740.7840585398235,0.9555003980944632
368,3956.0648505907343,1.0104891061534442
369,3839.4905880237256,0.980712793875792
370,3880.6664241286376,0.9912302488195753
371,3940.023561432691,1.0063917142867667
372,3938.94007018478,1.0061149604558826
373,3961.511945822922,1.0118804459317807
374,3974.4718279714953,1.0151907606568316
375,4011.113992523864,1.0245501896612679
376,3860.2921730136227,0.986026097832343
377,3879.426960857371,0.9909136553914102
378,3885.456485353855,0.9924537638196309
379,4012.3438660385827,1.0248643335986163
380,3973.284577489259,1.014887503828674
381,3957.433697037224,1.0108387476468006
382,3816.4505117809267,0.974827716929994
383,3891.8406596497443,0.9940844596806498
384,3986.6950658826786,1.018312915934273
385,4009.7120604263887,1.0241920971714913
386,3818.363790164135,0.9753164214978634
387,3865.1177766962173,0.9872586913655728
388,3853.667969507528,0.984334091828232
389,3814.8072122970634,0.9744079724896714
390,3895.789342817866,0.9950930632995826
391,3956.628916330467,1.0106331842478842
392,3997.5576503433012,1.0210875224376248
393,3889.9045356218007,0.9935899196990551
394,3994.987078372076,1.020430926787248
395,3903.609966539873,0.9970906683371322
396,3858.607329698906,0.9855957419409722
397,3872.7978497210497,0.9892203958419029
398,3853.2396171629402,0.9842246787133947
399,3877.3540241390456,0.990384169639603
400,4081.272878464791,1.0424707224686567
401,3859.3117816811227,0.9857756785903251
402,3893.7755169359298,0.9945786761011315
403,4055.2126186978594,1.0358142065639488
404,3934.6102134853422,1.0050089945045575
405,3823.962671070418,0.9767465315633251
406,4022.238636396858,1.027391733434702
407,3841.629876769317,0.9812592277827119
408,3770.777365425205,0.9631615237356845
409,3779.8615984197017,0.9654818897623759
410,3914.5679920509097,0.9998896531419948
411,3779.499065228416,0.9653892886918048
412,3970.190223649651,1.014097119706169
413,3825.1621420266397,0.9770529098407764
414,3782.673291596131,0.9662000744817704
415,3959.547676671096,1.0113787169019401
416,3955.3997149363986,1.010319211988863
417,3843.3844253583193,0.981707388341844
418,3950.705203700473,1.0091201031163404
419,4008.6951194635753,1.02393234213629
420,3841.297100476208,0.9811742274524159
421,3785.919362933017,0.9670292114771436
422,3989.4879224099077,1.0190262892490185
423,3994.3306479982425,1.0202632561936762
424,3966.865183858288,1.0132478119689114
425,3961.911453812174,1.0119824913951914
426,4003.910945600114,1.0227103309323406
427,3883.6051836039014,0.9919808898094257
428,3924.529967997718,1.0024342191565052
429,3979.3231333588255,1.0164299191210282
430,4031.6644992643264,1.0297993612424845
431,3908.4334263448345,0.9983227142643255
432,3755.2504491784894,0.9591955170315426
433,3811.212096610656,0.9734896798494651
434,3931.1632647192127,1.0041285478209994
435,4003.10086015905,1.0225034125565902
436,4034.9794872433613,1.0306461014670143
437,3889.5001216313262,0.9934866211063413
438,3853.6133914734205,0.9843201510787792
439,4031.6058016494226,1.0297843682374004
440,3984.8399393913674,1.017839064978638
441,3889.8004115461044,0.9935633235111377
442,4059.2264657936207,1.036839454864271
443,3918.5654204935045,1.000910707661176
444,3886.777979466553,0.9927913102085704
445,3714.7029713561406,0.9488385622876476
446,3822.025395849025,0.9762516975348723
447,3931.869522034669,1.0043089456027252
448,3787.5761797089644,0.967452408610208
449,3830.9225950010477,0.9785242899108679
450,3969.6567153610677,1.0139608468355217
451,3836.6844797646754,0.9799960356997893
452,3910.49851547874,0.9988501955245824
453,4020.029076404984,1.0268273502950152
454,3912.094384157027,0.9992578248166097
455,3882.8824387563627,0.9917962806529662
456,4006.633093476138,1.0234056432889242
457,3967.050109222081,1.0132950470554485
458,4005.1951639446543,1.0230383560522744
459,3882.484540895559,0.99169464646119
460,3882.0330535424464,0.9915793240210591
461,3904.6542075955076,0.9973573965761194
462,3777.0678017964683,0.964768276320937
463,3934.711786077645,1.0050349389725786
464,3939.8821240061843,1.0063555872301875
465,3855.5136333774153,0.9848055257669005
466,3739.265489429513,0.9551125132642434
467,3847.259606636344,0.9826972175316332
468,3913.782478578465,0.9996890111311533
469,3793.812255604151,0.9690452760163859
470,4018.6467870563456,1.0264742751101776
471,4000.7783448725377,1.0219101774897925
472,3943.5574063090976,1.0072943566562191
473,3871.8565628261817,0.9889799649619877
474,4083.1749744484337,1.0429565707403408
475,3964.02876320855,1.0125233111643805
476,3847.117345316031,0.9826608800296375
477,3992.36031721273,1.0197599788538263
478,3865.2336210191334,0.9872882812309408
479,3838.090513546831,0.9803551758740309
480,3911.859315058853,0.9991977816242281
481,3883.675160045542,0.9919987637408791
482,3785.7119555539416,0.9669762338579672
483,4103.167228397619,1.0480631490159946
484,3896.395646198278,0.995247930063417
485,4027.144426539602,1.028644808822376
486,4032.585609121324,1.0300346383451657
487,3829.5913275827616,0.9781842471475763
488,4087.460547466973,1.0440512254066343
489,3975.35667978953,1.0154167764468787
490,3940.003685280935,1.0063866373642234
491,3766.418312633654,0.9620481002895668
492,3963.512565304818,1.012391459847974
493,3789.1232224112696,0.9678475663885746
494,3877.680134390756,0.9904674672773323
495,4086.4199696471414,1.0437854328600618
496,3992.2690772105325,1.0197366736169942
497,3847.879468676997,0.9828555475547885
498,3910.414461129757,0.9988287257036417
499,3787.384166070143,0.9674033629808794
500,4042.5370536510336,1.0325765143425374
501,3985.02164753901,1.0178854782985975
502,3936.081097099739,1.0053846991314788
503,3763.057279456255,0.961189598839401
504,3984.9035713591375,1.0178553183548245
505,3943.0580937092777,1.007166818316546
506,3942.6214965449135,1.0070552992451887
507,3958.166169295698,1.0110258414548399
508,3960.027302503168,1.0115012266930186
509,3862.120705194518,0.9864931558606687
510,3865.5000257296815,0.9873563284111575
511,3889.356306054845,0.9934498866040472
512,3804.8673402992135,0.971869052439135
513,3784.616080611763,0.966696316886785
514,3910.7768202691777,0.9989212823165204
515,3807.622895763178,0.9725728980238002
516,3915.8330769773934,1.000212791054251
517,3901.322454450173,0.9965063740613469
518,3999.3711164489455,1.0215507321708672
519,3868.630311052633,0.9881558904348998
520,3925.1073283996648,1.00258169307782
521,4067.505167686998,1.0389540658204337
522,4082.124940525876,1.0426883628418584
523,3796.072371330659,0.9696225724982526
524,3908.7077608258796,0.9983927869287049
525,3873.025603480378,0.9892785704930722
526,4069.5611984019724,1.0394792333082943
527,4013.413697450723,1.0251375983271322
528,3906.4962769741583,0.9978279123816496
529,3886.392252691804,0.9926927848510355
530,3816.780321125253,0.9749119594189662
531,4043.8402956778086,1.0329093986405642
532,3962.5164060963316,1.0121370130514258
533,4076.732175281606,1.0413109004550718
534,3866.9795624181793,0.9877342432741198
535,3904.6855641244065,0.9973654059066173
536,3856.8117492044908,0.9851371006908022
537,4111.906815277056,1.0502954828293884
538,3906.4210019996535,0.9978086850573827
539,3889.077244234263,0.9933786064455333
540,3941.8801600169363,1.0068659412559224
541,3821.3563026929955,0.9760807925141751
542,3955.6963958184156,1.0103949925462108
543,4054.254322510043,1.035569431037048
544,4023.9100962702996,1.027818670822554
545,3776.9659631033646,0.9647422638833626
546,3909.3922361515524,0.9985676209837937
547,3953.277752189956,1.0097772036245098
548,3808.133502571798,0.9727033212188501
549,3877.163242646213,0.9903354387346649
550,3905.7397823470587,0.9976346825918413
551,3925.562609225153,1.0026979844764121
552,3863.1588392499684,0.9867583242017799
553,3745.860290139091,0.9567970089755021
554,4056.384929123701,1.0361136472857475
555,3849.7988336951353,0.9833458068186808
556,3837.288672866795,0.9801503634397943
557,3910.6534922241813,0.998889780900174
558,3801.93430689441,0.9711198740471034
559,3897.7936790363096,0.99560502657377
560,4058.7211965812126,1.036710395039901
561,3864.7911954074825,0.9871752734118729
562,3948.487296574475,1.0085535878862004
563,4157.483410285766,1.0619370141215239
564,4005.0349078605027,1.0229974221865907
565,3821.5402589967434,0.9761277800757965
566,4073.399202509451,1.040459566413653
567,3787.616938461186,0.9674628195303157
568,3903.8463151140404,0.9971510383433053
569,3831.852721003742,0.9787618699881844
570,3888.9799281627234,0.9933537492114236
571,3773.497896419612,0.9638564230956863
572,4040.0095245665684,1.0319309130438235
573,4118.60661258566,1.0520067975953153
574,3860.3478433691002,0.9860403175910857
575,4087.7044357706172,1.044113521269634
576,3769.6211366790412,0.9628661907226159
577,3957.060556741623,1.010743437226468
578,3907.0477485402243,0.9979687735734928
579,3969.404726297621,1.01389648181293
580,3949.354515267716,1.0087750996852405
581,3830.827944473016,0.9785001135307831
582,3852.809372318649,0.9841147822014429
583,3949.8817041678667,1.0089097584081397
584,4084.0478804429376,1.0431795352344668
585,3881.6003093594627,0.9914687891084196
586,3807.1155204484403,0.972443300242258
587,3844.9324415886376,0.9821027947863697
588,4068.9389988854837,1.0393203062287315
589,3777.4955098097953,0.9648775248556309
590,3882.243681738347,0.9916331243265254
591,3816.175518683438,0.9747574760366381
592,3938.2744808253174,1.0059449504023799
593,3892.2357461006072,0.994185375760053
594,3920.1265478778796,1.0013094630594839
595,3849.6770204722243,0.9833146923300701
596,3892.659273218169,0.9942935563775654
597,3878.22362318881,0.9906062894479719
598,3975.072207219465,1.0153441142323028
599,3974.8567448627814,1.0152890791475815
600,3899.046277887208,0.9959249751946891
601,3749.5946480091898,0.9577508679461532
602,3779.29448601937,0.965337033465995
603,3838.2961396974333,0.9804076985178629
604,3877.89411977649,0.9905221251025517
605,3948.5108322880315,1.0085595995627155
606,3906.0205175827996,0.9977063901871774
607,3952.3232493409746,1.0095333970219602
608,3834.7454976072895,0.97950076567236
609,3911.4612349467843,0.9990961008804047
610,3884.9344365926704,0.9923204180313334
611,3857.137589683334,0.9852203294210304
612,3998.4098581516487,1.0213052000387353
613,3828.90287316928,0.9780083967226769
614,3745.956545780668,0.9568215953462753
615,3847.4534104439863,0.9827467204199198
616,3786.0375356213212,0.9670593960718573
617,3840.1672868626742,0.9808856415996614
618,3718.952633220475,0.949924044245332
619,4006.5064346871704,1.0233732911078341
620,3753.138433572775,0.9586560494438761
621,3900.6549259951053,0.9963358687088392
622,3890.9586490501906,0.9938591696169069
623,3736.9681559673527,0.9545257103364886
624,4085.775523610675,1.043620823399917
625,3879.8044574709534,0.991010078536642
626,3904.5528690643187,0.9973315118938234
627,3975.146481650033,1.0153630859897913
628,3973.29161322416,1.014889300951254
629,3866.443155520888,0.9875972300181067
630,3996.272448171295,1.020759246020765
631,3895.5922987681706,0.9950427327632619
632,3913.0632175242363,0.9995052918324997
633,3938.2437666509904,1.005937105147124
634,3957.029203717847,1.0107354287912764
635,3937.7340289739686,1.0058069039524824
636,3964.102928181968,1.0125422549634655
637,4017.2562240195166,1.0261190865950234
638,3760.9236935076888,0.9606446215856166
639,3971.108815952698,1.0143317537554783
640,3963.091788584789,1.0122839817585667
641,3906.6120420674133,0.9978574820095564
642,3808.126489658218,0.9727015299254708
643,4055.338147679456,1.0358462701607807
644,3772.9716883405886,0.9637220149018106
645,3753.2898567611387,0.9586947271420533
646,3945.7903267664733,1.0078647067091886
647,3969.788647315862,1.0139945459299775
648,3896.3096353392457,0.9952259604953373
649,3758.0506065661802,0.9599107551893181
650,3869.0156825276717,0.9882543250389966
651,3870.2060602351503,0.988558380647548
652,3810.4273048735936,0.9732892221899345
653,3878.7964780860593,0.9907526125379462
654,3835.5520411996395,0.9797067793613383
655,3943.3334391249173,1.0072371492017669
656,4129.589817960483,1.0548122140384375
657,3835.71621803176,0.9797487146952133
658,3681.3688681719736,0.9403241042584862
659,3824.0982047489397,0.9767811506382987
660,4088.686145250434,1.044364277203176
661,3921.3393709744346,1.0016192518453217
662,3880.36906897847,0.9911542960353691
663,4023.0564205748383,1.0276006182822064
664,3794.100912247247,0.9691190069597054
665,3924.6732181930456,1.0024708092447114
666,3972.6810651954997,1.0147333499860791
667,3955.978993021801,1.0104671757399237
668,3814.55700586246,0.9743440628001174
669,3884.639209348617,0.9922450087735931
670,4075.2789632592967,1.0409397096447757
671,3956.143374056549,1.010509163232835
672,4091.116390156293,1.0449850294141234
673,3760.117325694273,0.960438652795472
674,3995.389939992706,1.020533828861483
675,3938.2854281081018,1.0059477466431932
676,3824.7955784970054,0.9769592793095799
677,3792.9753506755583,0.968831507196822
678,3956.10646054197,1.010499734493479
679,4076.4709482069666,1.0412441757872202
680,3828.939781897783,0.978017824239536
681,4023.4737584730037,1.0277072180007671
682,3783.302424715247,0.9663607725964871
683,3840.6471494896487,0.9810082118747506
684,3803.2022278996214,0.971443736372828
685,3828.7066573410357,0.9779582777371739
686,3977.6901962169736,1.0160128215113597
687,3807.196217849639,0.9724639126052719
688,3856.0761752910203,0.9849492146337216
689,4097.693251307888,1.0466649428628068
690,3938.373175532234,1.0059701597783484
691,3790.2007728322656,0.9681228027668622
692,3895.8430106910646,0.9951067715685988
693,3865.2689189003777,0.9872972972925613
694,3967.5182608588275,1.0134146260175805
695,3820.7394572258554,0.9759232330078813
696,4027.966818555161,1.028854870639888
697,4030.56687074281,1.0295189963583167
698,3892.529359947762,0.9942603729113056
699,3898.1571140104593,0.9956978579847916
700,3969.496494492315,1.0139199219648314
701,3980.651124433457,1.0167691250149316
702,3828.9538423805557,0.9780214156783028
703,3934.1571815934262,1.0048932775462136
704,3998.6331520729127,1.021362235523094
705,3930.390774040062,1.003931232194141
706,3832.475620982271,0.9789209759852544
707,4131.529996026176,1.0553077895341447
708,4013.178924787045,1.0250776308523741
709,3745.102234618534,0.956603380490047
710,3966.743060427696,1.0132166182446223
711,3931.767409265877,1.0042828631585894
712,3833.691458610429,0.9792315347663931
713,3843.192780588958,0.9816584369320455
714,3860.16312979226,0.9859931366008327
715,3977.9915224530187,1.0160897886214606
716,3838.5177619877823,0.9804643070211448
717,3954.1847280355287,1.0100088705071593
718,3991.689853447295,1.0195887237413268
719,4182.052019869308,1.0682125210394147
720,3875.052474402525,0.9897962897579885
721,3868.4036863283363,0.9880980041707117
722,3896.5751260119196,0.9952937742048326
723,3870.4213651469827,0.9886133755164707
724,3824.9870717042563,0.9770081920061957
725,3862.5798689778303,0.9866104390747971
726,3906.0479891590976,0.9977134071926175
727,3857.4560026018853,0.9853016609455646
728,3897.210972851457,0.9954561871906659
729,3873.9830110052026,0.9895231190307031
730,3922.0438490973843,1.0017991951717458
731,3831.618586511877,0.978702065520275
732,3772.6628055098827,0.9636431176270454
733,3678.9245453478725,0.9396997561552676
734,3971.6321190249296,1.0144654199297394
735,3811.7390609542463,0.9736242812143668
736,3855.2445583317103,0.9847367965087382
737,3994.965063372232,1.0204253035433544
738,4021.2036677682017,1.0271273736317246
739,3878.331420401453,0.9906338238573316
740,3963.9230601507493,1.0124963116604724
741,3887.8637937945264,0.9930686574187807
742,3928.876380433054,1.0035444139037175
743,3847.0684708303716,0.9826483961252546
744,4027.025174143776,1.0286143484403003
745,4039.288669112065,1.0317467864909489
746,4007.052082829942,1.0235126648352342
747,3892.7365832136147,0.994313303502839
748,3906.6008751607255,0.9978546296706834
749,3978.044470737584,1.0161033130875055
750,3889.8626025704853,0.9935792088302644
751,3872.668837250749,0.9891874424650701
752,3865.9637079073295,0.9874747657489986
753,4034.891410163118,1.0306236041285104
754,3958.0095444331814,1.0109858351042609
755,3947.7996251676027,1.008377937462989
756,3959.328956176694,1.011322849598134
757,4018.55628176506,1.026451157538968
758,3968.720820072966,1.0137217931220859
759,3941.591998325896,1.006792336737138
760,3872.878662267732,0.9892410376162789
761,3862.4508318470225,0.986577479398984
762,4055.085738407008,1.0357817978051107
763,3839.3134567786237,0.9806675496241696
764,3952.4494809209314,1.0095656400819748
765,3862.845905153299,0.9866783921208938
766,3920.082493907795,1.0012982104489898
767,3935.821012898282,1.0053182663852571
768,3810.553571896386,0.9733214743030361
769,3827.561777435175,0.9776658435338889
770,3912.418544475496,0.9993406243870999
771,3808.227662134499,0.9727273721927201
772,3751.304311314008,0.958187563554025
773,3954.0273194949305,1.0099686639833794
774,4026.281876033911,1.0284244894084065
775,3857.094093951651,0.9852092194001663
776,4077.652817451681,1.041546058097492
777,4015.3737967227407,1.0256382622535736
778,4147.434814808132,1.0593703230672111
779,3871.6201334952443,0.9889195743282871
780,3953.183794213025,1.009753204141258
781,3856.4979805468615,0.9850569554398114
782,3795.9789268299132,0.9695987041711145
783,3859.098551848895,0.985721213754507
784,3898.1767914303127,0.9957028841456738
785,3932.796032136498,1.0045456020782881
786,3808.397395821062,0.9727707269019316
787,3912.817453476113,0.9994425168521361
788,4110.297308343992,1.0498843699473799
789,3953.8963936080945,1.0099352218666908
790,4006.463155016074,1.0233622362748591
791,3818.571145185373,0.9753693857433903
792,3833.5346218989935,0.979191474303702
793,3910.9085483225385,0.9989549293288732
794,3810.7287045809817,0.973366208066662
795,4027.2875383990304,1.0286813635757421
796,3923.958952291117,1.0022883658470285
797,3995.3137571415737,1.0205143696402488
798,3918.6352831785566,1.0009285525360299
799,3856.056411512678,0.9849441664144771
800,4075.5277154206237,1.0410032478724454
801,3951.5587959979885,1.009338134354531
802,3887.7815589317925,0.9930476523452855
803,3917.289379670671,1.000584771307962
804,3936.224721380916,1.005421384771626
805,3868.971758307305,0.9882431055701929
806,3929.60979790322,1.0037317491451392
807,3835.349444790685,0.9796550305978762
808,3783.1229121769657,0.9663149200962875
809,3717.885471883427,0.9496514615283338
810,3901.823903405899,0.9966344580857979
811,3815.7366552333524,0.9746453780928103
812,3828.9852982390476,0.9780294503803442
813,4055.054155013587,1.0357737305270975
814,3931.013426788597,1.0040902750417873
815,3958.8367571510607,1.0111971282633616
816,3980.974118198888,1.0168516266152972
817,3897.3024725644946,0.9954795587648773
818,3954.504723494632,1.0100906062566108
819,4017.163223131495,1.026095331578926
820,3979.9045887179864,1.0165784390084256
821,3883.844256514241,0.992041955686907
822,3983.9918374379413,1.0176224361271882
823,3721.0402825863493,0.9504572880169475
824,3879.8593513143546,0.991024099952581
825,3737.3991048330777,0.9546357866751156
826,3992.835530794048,1.0198813616332179
827,3906.222541014903,0.9977579925963993
828,3858.555298832811,0.985582451809147
829,3930.5700640642576,1.003977027858048
830,3826.470661432315,0.9773871421283052
831,4011.245531738481,1.024583788438948
832,3888.8761875451974,0.9933272509693991
833,3890.9300759854336,0.9938518712606471
834,4029.928911214495,1.029356043732949
835,3743.9781501913535,0.9563162580309971
836,3973.3964244521944,1.0149160726570101
837,3848.9381426217833,0.9831259623555002
838,3902.3726422067607,0.9967746212533233
839,3939.3602777067063,1.0062222931562468
840,4000.308206372134,1.021790091027365
841,3919.43532767983,1.0011329061762018
842,3891.339642793894,0.9939564860265375
843,3982.688720833886,1.0172895838656157
844,3925.9949929856125,1.002808427327104
845,4007.6503835082854,1.0236654874861522
846,3766.22339119488,0.9619983119271724
847,3958.854366712873,1.0112016262357275
848,3954.493415990903,1.0100877180053391
849,3842.411502066244,0.981458876645273
850,3882.6619625215035,0.9917399648841644
851,3919.4742251342,1.0011428416690167
852,3880.082457312904,0.9910810874362462
853,3738.176013659856,0.9548342308198866
854,3937.041965542945,1.0056301316840217
855,3946.78464088473,1.008118682218322
856,3914.4763271650886,0.9998662393780559
857,3899.786623909119,0.9961140801811288
858,3816.381814081703,0.974810169624956
859,3744.5302947791424,0.9564572911313263
860,3879.5304999694954,0.9909401021633449
861,3898.6625239091386,0.9958269537443522
862,4005.3242405713268,1.0230713258164308
863,3860.1911041420676,0.9860002820286252
864,3970.3085546767607,1.0141273447450219
865,3925.295447397826,1.0026297439074907
866,3997.4469834849524,1.0210592550408564
867,3827.2536975201074,0.9775871513461322
868,3964.3065669842026,1.0125942699831936
869,3921.083192361784,1.0015538166952194
870,3860.2560819483583,0.9860168791694401
871,3938.391459572028,1.0059748300311693
872,3951.5676732290112,1.0093404018464907
873,4078.912201824259,1.041867739929568
874,4139.255082465071,1.0572809916896733
875,3914.6290920638585,0.9999052597864262
876,3952.3827921698266,1.0095486059182188
877,3850.4161780306695,0.9835034937498517
878,3908.942358092594,0.9984527096021951
879,3739.904010908145,0.9552756094273679
880,3894.9654329606856,0.9948826137830614
881,3800.329895456768,0.9707100626964925
882,3917.8460093937792,1.0007269500367253
883,3920.2665863707925,1.0013452327894745
884,3824.2814546122745,0.9768279577553702
885,3866.0618401426473,0.9874998314540606
886,4042.040923298581,1.0324497888374409
887,3879.7559933058933,0.9909976994395641
888,4036.6990027505226,1.031085313601666
889,3931.5232186173307,1.0042204900682836
890,3756.330601524254,0.9594714180138579
891,3806.253296032366,0.9722230641206554
892,3986.5122328849093,1.0182662152962731
893,3863.0005449622977,0.986717891433537
894,3976.9636651972537,1.0158272452611121
895,3812.511573453078,0.9738216024145794
896,4009.2068933348132,1.0240630634316255
897,3946.2491662099374,1.0079819070778895
898,3937.970209701485,1.0058672310859478
899,3848.877534721241,0.9831104814102787
900,3902.998136445517,0.9969343898966838
901,3867.746376438172,0.9879301089241819
902,3967.8134815076146,1.0134900335907062
903,3951.190258492172,1.0092439996148588
904,3863.062559581661,0.9867337316939109
905,4071.4311640792857,1.0399568746051815
906,3854.0455874502304,0.9844305459642989
907,3845.7152772961585,0.9823027528214965
908,4031.6981000514497,1.0298079438190166
909,3911.596094944812,0.9991305478786238
910,4008.636982164529,1.0239174922514762
911,3812.9920284168775,0.9739443239889853
912,4021.7863425953574,1.0272762050051998
913,3997.0453653635914,1.0209566705909556
914,3835.833857667937,0.9797787631335727
915,3762.573694503601,0.9610660777786976
916,4021.17276051515,1.0271194790587868
917,4099.075345727313,1.0470179682572958
918,3762.3802762680175,0.9610166733762496
919,4005.8827738230575,1.0232139907594016
920,4057.750325334103,1.0364624074927467
921,3950.7191396294256,1.009123662740594
922,3811.1309938917975,0.9734689639570364
923,4080.684995057651,1.0423205606788382
924,3948.27223959617,1.0084986563464036
925,3939.5716585739933,1.0062762857149408
926,3951.090473159989,1.0092185116628325
927,4010.0549161004637,1.0242796720563125
928,3937.114454615066,1.0056486474112556
929,3832.4418611000474,0.9789123527714042
930,3909.9915118059125,0.9987206926707312
931,3859.813406290153,0.9859038074815206
932,3953.654600633417,1.0098734612090465
933,3906.4579192549863,0.9978181147522315
934,3964.2655074802915,1.0125837822427308
935,3783.313425663238,0.9663635825448884
936,3752.972569741054,0.9586136832033344
937,3873.4134906751983,0.989377647682043
938,3879.714047197679,0.990986985235678
939,4026.636458379537,1.0285150596116315
940,3931.0211879918215,1.0040922574691753
941,3885.007996305218,0.9923392072299407
942,3929.9504162838334,1.0038187525629205
943,3948.1200620397512,1.0084597859616222
944,3895.3390790745702,0.9949780534034662
945,3990.0258407766737,1.0191636885764173
946,3915.1441753814543,1.0000368264065018
947,3994.4160747405313,1.020285076562077
948,3775.8320515641026,0.9644526313062842
949,3756.0010988131817,0.959387253847556
950,3899.3583726844618,0.9960046928951372
951,3936.1829076819677,1.005410704388753
952,3857.9769632161306,0.9854347287908379
953,3966.80648969867,1.0132328198464036
954,3981.0762487409347,1.016877713599217
955,3920.7438423873323,1.0014671372636863
956,3741.680268029905,0.9557293149501673
957,3928.2958269313876,1.0033961243758334
958,4101.912499522336,1.0477426563275443
959,3985.7611789665825,1.0180743752149637
960,3874.2395331541757,0.9895886419295468
961,3876.173358348369,0.9900825947249985
962,3902.7111890474193,0.996861095542125
963,3861.3986484146926,0.9863087224558602
964,4016.758240599272,1.0259918877648204
965,3729.8826838455184,0.9527158834854453
966,3992.135600247186,1.0197025798843387
967,3917.051944033786,1.0005241236357052
968,3932.124103327449,1.0043739727528607
969,3904.9257993918154,0.997426768682456
970,4067.6526530615665,1.0389917376913325
971,4026.7079209369213,1.0285333131384218
972,3959.5578242082506,1.0113813088654535
973,3867.3154405977057,0.9878200359125685
974,3836.382167019541,0.9799188166078011
975,4008.3168758966985,1.0238357281983905
976,3777.917504914962,0.9649853141545242
977,3973.1923014831864,1.0148639339676082
978,3834.306299186819,0.9793885821677699
979,3853.8439279039985,0.9843790365016599
980,3915.1268972731305,1.000032413096585
981,3871.148337624566,0.9887990645273477
982,4032.022568869785,1.0298908221889618
983,3654.9723373365205,0.9335816953605416
984,3971.5509082021326,1.014444676424555
985,3998.8968070386513,1.0214295803419289
986,3990.3329852088536,1.019242141815799
987,4060.9829211593797,1.0372881024672744
988,4055.85717006298,1.0359788429279642
989,3977.896157930451,1.0160654298672926
990,3834.85667912103,0.9795291645264445
991,3941.4053965384205,1.006744673445318
992,4081.6852952745194,1.0425760652042195
993,3849.448624163554,0.9832563535539091
994,4029.2292859362674,1.029177339958178
995,3874.876624432345,0.989751372779654
996,3934.766766154221,1.0050489824148712
997,3988.18261319017,1.018692876932355
998,3921.589132888187,1.0016830479918741
999,3760.6717736887776,0.960580274250007
1000,3988.0962490618917,1.0186708171294743
