model,fixture,lambda_h,lambda_a,r,mass,p_home,p_draw,p_away,d_home,d_over25,d_over35,d_btts,p_over25,p_btts
m00_baseline_grw_negbin,12477128,1.3815078124105884,1.124406941550498,30.560649359260648,0.9999997135851801,0.42720418489658185,0.2644792257865893,0.30831630290199474,-0.0007418125541456266,-0.0029141537555463226,0.0021308579078707923,-0.01082418799369278,0.4535788792622644,0.48967694722493227
m00_baseline_grw_negbin,12477134,1.713287475804404,1.1626428675283864,30.560649359260648,0.9999970311716816,0.49905650107720856,0.2363382589862002,0.26460227110828344,-0.002467133465952398,-0.0052672081915660085,0.0004407638215914722,-0.012141251453601787,0.5401952184212597,0.5447764178036593
m00_baseline_grw_negbin,12477131,1.981412420313914,1.577010889121278,30.560649359260648,0.9999861982481058,0.47129239640781734,0.21217503574041033,0.31651876609987545,-0.0011362981467771816,-0.008541689802929242,-0.003765854207400887,-0.01484713417197936,0.6756710578421833,0.6607844611891309
m00_baseline_grw_negbin,12477135,1.6808140625999899,1.2252433659221211,30.560649359260648,0.9999974018576832,0.4785844474922757,0.2367678258876852,0.284645128477726,-0.0017251724713974737,-0.00536987908253328,0.00031141223968095266,-0.012422684152417651,0.5468859409874718,0.5535895710910468
m00_baseline_grw_negbin,12477132,1.4662059314842915,1.249715326952098,30.560649359260648,0.9999993434669794,0.4212028287031338,0.2528787188870507,0.32591779587679504,-0.0002934313496115726,-0.00413485217487064,0.0012855703963558507,-0.011955996164773608,0.5041763568507747,0.5317475593695845
m00_baseline_grw_negbin,12476800,1.6697925992964473,1.4999167921412804,30.560649359260648,0.9999977973792296,0.41970001508227733,0.23075424484034865,0.3495435374566076,0.0003888485358484739,-0.006729872801093606,-0.0011318931398296428,-0.014032438175465733,0.6051101520501702,0.6123948239199597
m05_wealth_grw_negbin,12477128,1.4589172273822815,1.1657875186145907,30.69834287562655,0.9999996125051158,0.43755045793303043,0.25696320462560707,0.30548594994647055,-0.0008166796985969449,-0.0036131904329348985,0.0017720734719699482,-0.011527695980235841,0.48354916105989343,0.5148138072318862
m05_wealth_grw_negbin,12477134,1.542089024402496,1.2893462417821626,30.69834287562655,0.9999992135596609,0.4317423197697255,0.24631979802969528,0.32193709576024254,-0.0004131042439717847,-0.00483567877447777,0.0007859946123849326,-0.012553971175637058,0.5316741386202198,0.5537301329998189
m05_wealth_grw_negbin,12477131,1.5942308781107206,1.6255980558981684,30.69834287562655,0.9999975668821407,0.379033651882786,0.22955231686204705,0.39141159813731125,0.00172104360389419,-0.007033744849289869,-0.0015361585612431727,-0.014309844703611851,0.6148066089414244,0.6214985210876866
m05_wealth_grw_negbin,12477135,1.5459314571304932,1.2092844588327314,30.69834287562655,0.999999245578407,0.4495670026395593,0.24884998055861976,0.30158226238023833,-0.0010216160280689945,-0.0044188518473430305,0.0011460800061794396,-0.012089994318463582,0.5140197790394875,0.5369278604059505
m05_wealth_grw_negbin,12477132,1.5877404679926017,1.3836145811472076,30.69834287562655,0.9999990533870972,0.42376464997636176,0.23976005722782245,0.3364743461829005,5.03083988391273e-5,-0.0056804810432892205,6.56081839342515e-5,-0.013304342134538127,0.5639332179072265,0.5806844644564694
m05_wealth_grw_negbin,12476800,1.5548454341177296,1.4781515420994515,30.69834287562655,0.9999989684562784,0.39728909762229514,0.23799365033574085,0.36471622049823504,0.0009285757170434117,-0.006056352094623851,-0.00034661073710318124,-0.013676544308791394,0.5771782112560545,0.5930667156764994
m10_lineup_grw_negbin,12477128,1.44411966973882,1.1554553502219083,30.99509132550198,0.9999995298413622,0.43613244620757896,0.25821251476007956,0.30565456887370684,-0.000830339031412386,-0.0035907808101145466,0.0018287240500021729,-0.011621297302488953,0.4767190863966026,0.5078588871901097
m10_lineup_grw_negbin,12477134,1.6548909767421882,1.21383078279231,30.99509132550198,0.9999980043024904,0.47483805063716356,0.23924933502633436,0.28591061863899614,-0.0017084463405049322,-0.005278851205041346,0.0005284431420554125,-0.01259810755072266,0.5389530898069688,0.5488125704783575
m10_lineup_grw_negbin,12477131,1.9786708281176684,1.444027081144234,30.99509132550198,0.9999875023837886,0.4973988170850579,0.21334152686830604,0.2892471584304258,-0.0020157200701368394,-0.008289382024155634,-0.0029278594047121853,-0.014629000714897589,0.6525587626391552,0.6358425564646945
m10_lineup_grw_negbin,12477135,1.5820306247938247,1.325062372104198,30.99509132550198,0.9999986304319975,0.43425117901366256,0.2420598937879466,0.3236875576303879,-0.00038403054248115076,-0.005418484912522503,0.0002997921603467568,-0.013120102260154254,0.5475150723235569,0.5645064829182368
m10_lineup_grw_negbin,12477132,1.4588398702798946,1.2614402426328966,30.99509132550198,0.9999994310534165,0.41694045229287213,0.25286853872151527,0.33019044003903036,-0.00013680143808508793,-0.004284788643617032,0.0013135890166921516,-0.012352770022305837,0.5057118444508522,0.5340712197805985
m10_lineup_grw_negbin,12476800,1.553192298417247,1.5565803615041074,30.99509132550198,0.9999984438133892,0.38200436011209243,0.234596365882621,0.3833977178186843,0.0014942273373316772,-0.006521828516470651,-0.0007970928738192939,-0.014184404398649764,0.5923100151462283,0.6042227512734674
m12_joint_hybrid_synergy_negbin,12477128,1.4833605310504354,1.2050597666585134,32.331286120139346,0.9999995825820647,0.43551169497730274,0.2534690110292335,0.3110188765755249,-0.0006318280311154445,-0.0038831948629159396,0.0014346868435662907,-0.011468931999379484,0.49911766278945496,0.5278858541941854
m12_joint_hybrid_synergy_negbin,12477134,1.4517771479269033,1.2877586171013222,32.331286120139346,0.9999995634932896,0.41010134651654007,0.252474242710951,0.3374239742657931,0.00011632327571609036,-0.0041183846707820715,0.0011982017110340748,-0.011781365048902925,0.5108742049690796,0.5401415340205485
m12_joint_hybrid_synergy_negbin,12477131,1.7434072960567517,1.458910025927747,32.331286120139346,0.9999973827807872,0.44439564962173356,0.2276923457239451,0.3279093874351107,-0.00046705139877561974,-0.006733240577920574,-0.0013155663035405718,-0.013531561179537799,0.6122613393825886,0.6152417620091544
m12_joint_hybrid_synergy_negbin,12477135,1.487251002670686,1.2421775830745254,32.331286120139346,0.9999995081566456,0.4285507343917635,0.2518203010498924,0.3196284727149827,-0.0003992127153051306,-0.004107417648869127,0.0012290655340060908,-0.011674027580830026,0.5084698270139091,0.536002131048899
m12_joint_hybrid_synergy_negbin,12477132,1.6276950067886395,1.3572478566708228,32.331286120139346,0.9999988269651356,0.43824829460807635,0.23833351458501867,0.3234170177720334,-0.0003810069582682596,-0.005579731473339344,-3.4776607592212905e-5,-0.012818875529588158,0.5670173283964683,0.5818200959993949
m12_joint_hybrid_synergy_negbin,12476800,1.4624013326381284,1.5891735340717204,32.331286120139346,0.9999989688500297,0.3547594791196355,0.2369750311148864,0.40826445861550364,0.002119608303906284,-0.00589042984239152,-0.0003824821654945798,-0.01320176588063493,0.5815025727009998,0.5963375240504527
