arm,label,fill_model,opening,final,net_pnl,roi_pct,growth_pct,total_staked,n_legs,n_bets,n_wins,win_rate_pct,sharpe,sharpe_ann,max_drawdown_pct,requested_stake,filled_stake,fill_rate_pct,n_clv,beat_close_pct,mean_clv,median_clv,reproduces_published,capture_ratio
m12_hybrid_grw_raw,m12 hybrid GRW (raw),touch_only,500.0,557.7060870695096,57.706087069509636,16.739935154019292,11.541217413901927,344.72109084397664,62,62,23,37.096774193548384,2.5822998043945606,16.68390653187591,0.0,511.92050737306954,356.68691465629377,69.67623088331426,62,33.87096774193548,-0.003020808386665148,-0.005924982452616329,—,1.2165433626608955
m12_hybrid_grw_raw,m12 hybrid GRW (raw),ladder_sweep_v1,500.0,595.5308537152331,95.53085371523309,21.986618103136806,19.10617074304661,434.495442942195,62,62,23,37.096774193548384,1.424635143330154,9.204384220955562,0.0,527.1339528888237,450.4076215996939,85.44462354043965,62,33.87096774193548,-0.0037345700859993847,-0.006157454310581206,—,1.2165433626608955
m12_hybrid_grw_cal_optB,m12 hybrid GRW (Option B cal),touch_only,500.0,506.77379720064295,6.773797200642946,3.884785186329328,1.3547594401285945,174.3673556128698,41,41,14,34.146341463414636,0.09800552720709124,0.63320109181269,-3.6319949574650296,259.7100247818837,183.68146073278484,70.72559516601213,41,36.58536585365854,-0.002062096605942173,-0.006483556292341042,—,0.9009696398075614
m12_hybrid_grw_cal_optB,m12 hybrid GRW (Option B cal),ladder_sweep_v1,500.0,491.121385894928,-8.878614105072018,-4.213642430683367,-1.7757228210144027,210.7111424647413,41,41,14,34.146341463414636,-0.09637971111417959,-0.6226969033811236,-7.211248924934768,256.9941355653318,226.65137146747261,88.19320758774839,41,36.58536585365854,-0.002723030015136891,-0.006483556292341097,—,0.9009696398075614
m05_wealth_grw_raw,m05 wealth GRW joint (raw),touch_only,500.0,588.4345544069009,88.43455440690093,25.15747935108138,17.686910881380193,351.52390735481066,64,64,27,42.1875,1.2302297440216068,7.948355968218943,-0.21182579172263502,503.87838771412225,364.5412224807388,72.34706456343648,64,31.25,-0.0049540837293706955,-0.005500209412372614,—,1.1907156812056208
m05_wealth_grw_raw,m05 wealth GRW joint (raw),ladder_sweep_v1,500.0,600.3321773785041,100.33217737850407,23.31847648774506,20.066435475700818,430.2690076310658,64,64,27,42.1875,0.7664914534766746,4.9522025852783615,-1.8977298313549857,511.4343742715956,447.9763283108778,87.59214297023011,64,31.25,-0.005566122587943001,-0.006145793437269315,—,1.1907156812056208
m10_lineup_grw_raw,m10 lineup GRW Poisson (raw),touch_only,500.0,518.5765433389258,18.57654333892583,5.441371022983363,3.7153086677851554,341.39453568708853,61,61,25,40.98360655737705,0.18083761997657158,1.168368577498844,-5.876880338434976,476.98081562012203,351.51876446774986,73.69662530572448,61,34.42622950819672,-0.0032310075617925905,-0.005101656928841125,—,1.1606495072890441
m10_lineup_grw_raw,m10 lineup GRW Poisson (raw),ladder_sweep_v1,500.0,529.0234170656014,29.023417065601393,6.982573858647147,5.804683413120282,415.6549956096647,62,62,25,40.32258064516129,0.18148918711376302,1.1725782688745876,-9.098248284591172,482.5682590069268,427.329201892577,88.55311013865152,62,33.87096774193548,-0.003964937569414823,-0.005500209412372614,—,1.192788512259837
m00_baseline_grw_raw,m00 baseline GRW (raw),touch_only,500.0,536.8524170168361,36.85241701683606,10.362041777263983,7.370483403367212,355.64821884521155,63,63,27,42.857142857142854,0.260364234098745,1.682179791267644,-7.410789920239679,477.90643103790114,362.31565769213034,75.81309523399075,63,33.333333333333336,-0.004424653303581774,-0.005634010211853613,—,1.2355754029327828
m00_baseline_grw_raw,m00 baseline GRW (raw),ladder_sweep_v1,500.0,538.439339635803,38.43933963580298,9.038911338365766,7.687867927160585,425.26514750340283,63,63,27,42.857142857142854,0.18954349915532173,1.224616141878816,-10.817287088379766,480.0335370138913,432.8783754091975,90.17669434139364,63,33.333333333333336,-0.004919575632915414,-0.006498234164258654,—,1.2355754029327828
m05_joint_grw_raw,Task 007 m05 joint GRW (raw),touch_only,500.0,590.0510354427379,90.05103544273788,25.591662737668347,18.01020708854757,351.8764543196009,64,64,27,42.1875,1.2470307734932973,8.05690525628687,-0.13447124121984008,505.1738129752593,364.75402298027524,72.20366804685082,64,31.25,-0.0049540837293706955,-0.005500209412372614,true,1.1910965515602268
m05_joint_grw_raw,Task 007 m05 joint GRW (raw),ladder_sweep_v1,500.0,600.2183154752063,100.21831547520628,23.225301126066093,20.043663095041264,431.5049132462262,65,65,27,41.53846153846154,0.7567875969377416,4.8895072176766705,-1.880743326922842,513.28971817527,449.0825943973339,87.49105592720802,65,30.76923076923077,-0.005717893655813047,-0.006157401921309202,true,1.2247157798465829
m12_hybrid_td_raw,"m12 hybrid TimeDecay (raw, production)",touch_only,500.0,551.9671225029408,51.96712250294081,13.689917383279987,10.393424500588155,379.6014325580242,65,65,24,36.92307692307692,0.6499683593394756,4.199361877905189,-2.740092019986605,526.1551725464199,396.8959309853337,75.43324701427652,64,34.375,-0.0032171961404338398,-0.005500209412372614,true,1.0484751121687241
m12_hybrid_td_raw,"m12 hybrid TimeDecay (raw, production)",ladder_sweep_v1,500.0,575.9364810169399,75.93648101693987,16.94430731575936,15.187296203387968,448.15335086795653,66,66,24,36.36363636363637,0.6615731796398583,4.274339127596069,-3.1231093429514742,539.6541655954034,472.44633471006733,87.54612950848156,65,33.84615384615385,-0.0037810517210415677,-0.006111285641535735,true,1.0646465255096038
m05_joint_td_raw,m05 joint TimeDecay (raw),touch_only,500.0,569.4474046518864,69.44740465188636,19.393918087053134,13.889480930377275,358.0885736454028,63,63,22,34.92063492063492,1.5451901214123749,9.983274411340599,0.0,505.84501063789725,373.96585604746383,73.92894032420585,63,30.158730158730158,-0.005197246324554769,-0.0068231542255348665,true,1.295347891544053
m05_joint_td_raw,m05 joint TimeDecay (raw),ladder_sweep_v1,500.0,587.7570042206793,87.75700422067928,20.243783368140768,17.551400844135845,433.50100435667264,63,63,22,34.92063492063492,1.0162626920931206,6.565942396719303,0.0,515.2084441426491,456.6338781077543,88.63089945422615,63,30.158730158730158,-0.005741817207761394,-0.0068231542255348665,true,1.295347891544053
