environment,variant,model,likelihood,selection_family,n_bets,win_rate_pct,roi_pct,stake_sum,pnl_sum,edge_mean_pp,p_model_mean,p_market_mean,capture_ratio
close,raw,m00_baseline_grw_negbin,NegBin,1X2_away,400,26.0,17.849552119538448,5.660283512056301,1.0103352555981309,6.392262096595186,0.3278070337066493,0.2638844127406974,0.9596921511343011
close,raw,m00_baseline_grw_negbin,NegBin,1X2_draw,300,24.0,7.919001059037095,1.954639047392717,0.15478788686338185,0.5028665743615524,0.2519004052192546,0.24687173947563926,2.4607257247613044
close,raw,m00_baseline_grw_negbin,NegBin,1X2_home,336,38.98809523809524,11.140125042469649,6.9452608747779605,0.7737107459759862,6.272504360232942,0.4087621141703148,0.3460370705679853,0.7784381351720381
close,raw,m00_baseline_grw_negbin,NegBin,O/U 1.5_over_15,33,69.6969696969697,-0.04804590622760336,0.3605271767034178,-0.00017321854924394996,3.375311171460705,0.7955113699861589,0.761758258271552,1.4393778450297363
close,raw,m00_baseline_grw_negbin,NegBin,O/U 2.5_under_25,231,49.35064935064935,8.073377445286049,3.5186244004583758,0.284071828730938,5.421101731815308,0.517027707111383,0.4628166897932302,1.0659480178781457
close,close_std,m00_baseline_grw_negbin,NegBin,1X2_away,405,26.41975308641975,15.46557573275218,5.534741080369188,0.855979573396243,5.780789692086446,0.3220542486122693,0.26424635169140526,0.9408478043129606
close,close_std,m00_baseline_grw_negbin,NegBin,1X2_draw,290,23.448275862068964,9.198226861467159,1.8394025225676538,0.16919241692132247,0.5037083649998801,0.2512846053241809,0.24624752167418223,2.344746846600248
close,close_std,m00_baseline_grw_negbin,NegBin,1X2_home,337,39.16913946587537,10.956541894398155,6.7785061577222585,0.7426898669851979,5.7229701043288355,0.40357096680139437,0.34634126575810564,0.774337545368467
close,close_std,m00_baseline_grw_negbin,NegBin,O/U 1.5_over_15,31,70.96774193548387,-1.0844070114631308,0.344157594888133,-0.0037320690894497924,2.977545298055979,0.7920041555016203,0.7622287025210607,1.5692062160696614
close,close_std,m00_baseline_grw_negbin,NegBin,O/U 2.5_under_25,232,49.137931034482754,8.438699366308635,3.469097449776873,0.29274670451095,4.973741184094955,0.510821275515275,0.46108386367432597,1.0782292960400226
close,close_std_t007,m00_baseline_grw_negbin,NegBin,1X2_away,404,26.48514851485149,12.634197668268587,5.473501541174992,0.691533004087776,5.547600246253929,0.3194705339368017,0.2639945314742627,0.939883004542134
close,close_std_t007,m00_baseline_grw_negbin,NegBin,1X2_draw,289,23.52941176470588,8.082393628304652,1.7615362698290629,0.14237429523293962,0.3864832496313588,0.25010948443528397,0.2462446519389705,2.1629623207192634
close,close_std_t007,m00_baseline_grw_negbin,NegBin,1X2_home,337,39.16913946587537,10.944466597738373,6.711954113150394,0.7345875759692717,5.475340436523949,0.40109467012334515,0.34634126575810564,0.7839807301668837
close,close_std_t007,m00_baseline_grw_negbin,NegBin,O/U 1.5_over_15,30,73.33333333333333,-1.754766713906591,0.3389632073690704,-0.00594801353530262,2.855209725629414,0.7899461004699886,0.7613940032136947,1.7899918730669677
close,close_std_t007,m00_baseline_grw_negbin,NegBin,O/U 2.5_under_25,233,49.35622317596567,8.52047036378058,3.3823903407727496,0.2881955665729191,4.533052092104044,0.5060209421105232,0.4606904211894829,1.0647973183294965
close,raw,m05_wealth_grw_negbin,Joint Gamma-NegBin,1X2_away,420,27.380952380952383,8.29351424369276,5.745290470955252,0.47648648355019674,5.426172521875461,0.32726574962401506,0.27300402440526067,0.8749999231826351
close,raw,m05_wealth_grw_negbin,Joint Gamma-NegBin,1X2_draw,244,24.59016393442623,4.7189569316638345,1.4732107309102973,0.06952017990430692,0.6052925689682292,0.2479842916756336,0.24193136598595136,1.1082549911741637
close,raw,m05_wealth_grw_negbin,Joint Gamma-NegBin,1X2_home,315,39.04761904761905,19.57102080549549,5.604862085943446,1.0969287249593203,4.835866592212337,0.39566608372869194,0.3473074178065687,0.9128815987554897
close,raw,m05_wealth_grw_negbin,Joint Gamma-NegBin,O/U 1.5_over_15,46,71.73913043478261,0.6318072539308471,0.5262487070689331,0.0033248775049788144,3.297820324944363,0.7897899476084926,0.7568117443590493,1.5353448767692914
close,raw,m05_wealth_grw_negbin,Joint Gamma-NegBin,O/U 2.5_under_25,210,47.61904761904761,8.908980311819288,3.38580842930104,0.3016410063623476,5.262252205398269,0.5166858913214604,0.4640633692674776,1.2031881572153185
close,close_std,m05_wealth_grw_negbin,Joint Gamma-NegBin,1X2_away,423,27.423167848699766,7.302250665497862,5.478580941302441,0.4000597132460965,4.997269560025191,0.32380608534854005,0.27383338974828814,0.8716163559433503
close,close_std,m05_wealth_grw_negbin,Joint Gamma-NegBin,1X2_draw,236,25.0,4.843738296979763,1.3320071389013524,0.06451893990546922,0.5439458330669649,0.24640971029331232,0.2409702519626426,0.9331435935809134
close,close_std,m05_wealth_grw_negbin,Joint Gamma-NegBin,1X2_home,316,38.924050632911396,19.64400557509345,5.384133774076563,1.0576595387500893,4.489358798197202,0.3923474175308257,0.3474538295488536,0.9243089981157052
close,close_std,m05_wealth_grw_negbin,Joint Gamma-NegBin,O/U 1.5_over_15,43,72.09302325581395,-0.329558735191906,0.49007513413631487,-0.0016150854135496759,3.0476560588409716,0.7884770795711488,0.7580005189827392,1.541227164170947
close,close_std,m05_wealth_grw_negbin,Joint Gamma-NegBin,O/U 2.5_under_25,209,47.84688995215311,8.301404568870321,3.252774632379491,0.2700259819474059,4.848843267624401,0.5117437948125992,0.46325536213635515,1.1866811316885044
close,close_std_t007,m05_wealth_grw_negbin,Joint Gamma-NegBin,1X2_away,423,27.423167848699766,7.443728070000243,5.431633401245682,0.40431602014803375,4.884914792140436,0.3226825376696923,0.27383338974828814,0.8833077823758018
close,close_std_t007,m05_wealth_grw_negbin,Joint Gamma-NegBin,1X2_draw,236,25.0,3.585438569778348,1.284219026867351,0.04604488430973417,0.4447302781617977,0.24541755474426047,0.2409702519626426,0.9476865970014666
close,close_std_t007,m05_wealth_grw_negbin,Joint Gamma-NegBin,1X2_home,316,38.924050632911396,19.404960158817943,5.353332602013574,1.038812058589746,4.413314767209083,0.3915869772209445,0.3474538295488536,0.927319804998032
close,close_std_t007,m05_wealth_grw_negbin,Joint Gamma-NegBin,O/U 1.5_over_15,44,72.72727272727273,-0.5824193706147452,0.48482720396754814,-0.002823727549916861,2.9347497272173615,0.7853815530422338,0.7560340557700602,1.5416404342332988
close,close_std_t007,m05_wealth_grw_negbin,Joint Gamma-NegBin,O/U 2.5_under_25,209,47.84688995215311,7.475480810477014,3.184137947667268,0.23802962125698324,4.5813275580152215,0.5092293193185825,0.46341604373842993,1.2018161682540351
close,raw,m10_lineup_grw_negbin,NegBin,1X2_away,390,26.410256410256412,14.040386118277915,5.740390408657817,0.8059729780721491,6.864332643001481,0.3290315701831936,0.2603882437531789,0.886529170310347
close,raw,m10_lineup_grw_negbin,NegBin,1X2_draw,315,25.71428571428571,5.297394939991173,2.0492634857688588,0.10855758020220625,0.46032716878300994,0.25129784122800874,0.24669456954017893,1.6123501937890308
close,raw,m10_lineup_grw_negbin,NegBin,1X2_home,330,39.696969696969695,12.337230190005302,7.001999539077534,0.8638528010391056,6.790038069956483,0.40816764052449234,0.3402672598249273,0.7445053275177367
close,raw,m10_lineup_grw_negbin,NegBin,O/U 1.5_over_15,27,66.66666666666666,-2.288262823250078,0.2871447318306617,-0.006570626147402165,2.928261419560212,0.7839441786641882,0.754661564468586,1.9796089378795945
close,raw,m10_lineup_grw_negbin,NegBin,O/U 2.5_under_25,239,49.37238493723849,7.609651114044087,3.2170774104253286,0.2448083670020917,5.00085350031304,0.5073717865407424,0.4573632515376123,0.9880080552575071
close,close_std,m10_lineup_grw_negbin,NegBin,1X2_away,390,26.410256410256412,12.395663368564472,5.6125846187324475,0.6957170956139019,6.27536328600911,0.32314187661326976,0.2603882437531789,0.8909241000705599
close,close_std,m10_lineup_grw_negbin,NegBin,1X2_draw,304,25.32894736842105,6.7908055548291735,1.9367288502954887,0.13151949034784524,0.4945524960192209,0.2507940963356419,0.2458485713754497,1.4480277519203981
close,close_std,m10_lineup_grw_negbin,NegBin,1X2_home,333,39.63963963963964,12.793775914651004,6.8377490023206615,0.8748062849631901,6.146379646020893,0.40247262449060234,0.34100882803039334,0.7579638690691884
close,close_std,m10_lineup_grw_negbin,NegBin,O/U 1.5_over_15,25,64.0,-4.9160455189944,0.27081681629803733,-0.01331347796230296,2.671427714228774,0.7789128527532736,0.7521985756109859,1.998407894174211
close,close_std,m10_lineup_grw_negbin,NegBin,O/U 2.5_under_25,239,49.7907949790795,7.851347206296639,3.1952087851254807,0.2508669356862942,4.620905385675058,0.5037663245937267,0.4575572707369766,0.9721415851216091
close,close_std_t007,m10_lineup_grw_negbin,NegBin,1X2_away,390,26.410256410256412,10.956913026399162,5.570457457969712,0.610350178842307,5.974632174631947,0.320134565499498,0.2603882437531789,0.9078450500006104
close,close_std_t007,m10_lineup_grw_negbin,NegBin,1X2_draw,305,25.901639344262296,5.137144182672419,1.8710478659349352,0.09611842659989296,0.3732021588587921,0.24970067200128762,0.2459686504126996,1.099860689239998
close,close_std_t007,m10_lineup_grw_negbin,NegBin,1X2_home,333,39.63963963963964,13.89765459943571,6.784451311609165,0.9428796097543274,5.863713788584084,0.3996459659162344,0.34100882803039334,0.7789271984844156
close,close_std_t007,m10_lineup_grw_negbin,NegBin,O/U 1.5_over_15,26,65.38461538461539,-6.152926291931131,0.26561795634308877,-0.01634327707192406,2.3141072198015937,0.7729341323014176,0.7497930601034016,1.6416372928164615
close,close_std_t007,m10_lineup_grw_negbin,NegBin,O/U 2.5_under_25,243,48.971193415637856,7.2614689258562635,3.138116937239118,0.22787338625465087,4.188638285050118,0.49963861480887595,0.45775223195837494,0.9522258498101916
close,raw,m12_joint_hybrid_synergy_negbin,Joint Gamma-NegBin,1X2_away,421,27.315914489311165,9.295844935020224,5.958539845023876,0.5538966243848139,5.771782314914658,0.32923187505584667,0.2715140519067003,0.833133548201294
close,raw,m12_joint_hybrid_synergy_negbin,Joint Gamma-NegBin,1X2_draw,260,23.846153846153847,1.4841474179011305,1.6288140344452182,0.024174001434629937,0.6977168292223612,0.24990808124224814,0.24293091295002467,1.1975876134460273
close,raw,m12_joint_hybrid_synergy_negbin,Joint Gamma-NegBin,1X2_home,308,37.33766233766234,16.86099943382187,5.6848377883185055,0.9585204673020749,5.172757246181379,0.3949510983448691,0.3432235258830557,0.9350647560499513
close,raw,m12_joint_hybrid_synergy_negbin,Joint Gamma-NegBin,O/U 1.5_over_15,45,71.11111111111111,0.6801242192411682,0.5095423177398294,0.003465520710231367,3.148964116708212,0.7849247793994333,0.753435138232351,1.429816919268122
close,raw,m12_joint_hybrid_synergy_negbin,Joint Gamma-NegBin,O/U 2.5_under_25,210,48.095238095238095,7.592031228270706,3.1924364130680343,0.24237076942281036,5.1908381430418675,0.5109896573794739,0.4590812759490551,1.1268506425627547
close,close_std,m12_joint_hybrid_synergy_negbin,Joint Gamma-NegBin,1X2_away,426,27.464788732394368,8.457296586001576,5.724446545382653,0.4841334222501323,5.273424647595774,0.32525905190772325,0.2725248054317656,0.829734782454538
close,close_std,m12_joint_hybrid_synergy_negbin,Joint Gamma-NegBin,1X2_draw,249,23.694779116465863,1.8255581287542213,1.490764964134833,0.027214780983383396,0.6494287621495437,0.2481033767509557,0.24160908912946044,1.1640909579365397
close,close_std,m12_joint_hybrid_synergy_negbin,Joint Gamma-NegBin,1X2_home,314,37.898089171974526,16.939476904451322,5.455765877324713,0.9241782007503557,4.6655659422836235,0.39059619906142634,0.3439405396385903,0.8997182120257311
close,close_std,m12_joint_hybrid_synergy_negbin,Joint Gamma-NegBin,O/U 1.5_over_15,44,70.45454545454545,-0.45043411599033223,0.47406709765988136,-0.0021353599405453116,2.8265637664589125,0.781130058293067,0.752864420628478,1.462499662796184
close,close_std,m12_joint_hybrid_synergy_negbin,Joint Gamma-NegBin,O/U 2.5_under_25,210,48.095238095238095,7.5550514245437,3.084167415071124,0.2330104342276436,4.777328630962401,0.5066868278443543,0.4589135415347303,1.1181464641479657
close,close_std_t007,m12_joint_hybrid_synergy_negbin,Joint Gamma-NegBin,1X2_away,426,27.699530516431924,8.750038519775636,5.667125149014283,0.4958756335026422,5.1253875290836195,0.3239209465368519,0.27266707124601586,0.8401313260890321
close,close_std_t007,m12_joint_hybrid_synergy_negbin,Joint Gamma-NegBin,1X2_draw,251,23.50597609561753,0.07312776008959798,1.4363838843623469,0.0010503953609221454,0.5028454780925519,0.24691357989442525,0.24188512511349985,1.2739109949563305
close,close_std_t007,m12_joint_hybrid_synergy_negbin,Joint Gamma-NegBin,1X2_home,313,37.69968051118211,16.738495912073727,5.418301246137418,0.9069421325885515,4.582030062740995,0.3897512660395343,0.3439309654121242,0.9229360099792683
close,close_std_t007,m12_joint_hybrid_synergy_negbin,Joint Gamma-NegBin,O/U 1.5_over_15,43,72.09302325581395,-1.0586637731041653,0.4682207076545984,-0.0049568830101111945,2.7385061426368353,0.7798604561588417,0.7524753947324736,1.470842593395525
close,close_std_t007,m12_joint_hybrid_synergy_negbin,Joint Gamma-NegBin,O/U 2.5_under_25,211,47.867298578199055,6.505166167876246,3.0165602907216447,0.19623225946561376,4.478226714248394,0.5039294817772575,0.4591472146347737,1.1175716096266697
close,raw,m00_poisson,Poisson,1X2_away,388,24.484536082474225,18.43560039557445,5.492684534063702,1.0126093716895046,6.388267002687894,0.32548706552657103,0.26160439549969233,1.0785591334245692
close,raw,m00_poisson,Poisson,1X2_draw,306,24.509803921568626,7.888322492305173,2.083179343739689,0.1643279047272732,0.5932512410129024,0.2530744968537432,0.24714198444361418,2.041108743644551
close,raw,m00_poisson,Poisson,1X2_home,328,39.02439024390244,11.789915633908826,6.887676562710839,0.8120512558801192,6.469923688322562,0.40977039546202315,0.3450711585787976,0.8095753086176851
close,raw,m00_poisson,Poisson,O/U 1.5_over_15,50,78.0,3.653765615525684,0.5220173055018537,0.019073288815520395,3.486340295037249,0.7997250803641797,0.7648616774138074,1.0878294017470413
close,raw,m00_poisson,Poisson,O/U 2.5_under_25,224,50.89285714285714,7.53982029077047,3.4007677829765193,0.25641177934284864,5.510794199706386,0.5201753307859487,0.4650673887888849,0.9973135322567752
close,close_std,m00_poisson,Poisson,1X2_away,389,24.67866323907455,15.854511721597326,5.351720743223117,0.8484891925414647,5.8173107868036915,0.3198527270819484,0.2616796192139117,1.0678466424653126
close,close_std,m00_poisson,Poisson,1X2_draw,301,24.25249169435216,8.863787466068333,1.9723683827694702,0.174826541496615,0.5409809379175264,0.25234022021116065,0.24693041083198553,2.009246024262808
close,close_std,m00_poisson,Poisson,1X2_home,330,39.39393939393939,11.59943316515853,6.709574711404457,0.7782726343157382,5.865436894202606,0.4044456020848414,0.34579123314281546,0.7921971795710405
close,close_std,m00_poisson,Poisson,O/U 1.5_over_15,49,77.55102040816327,2.9927936967174884,0.5088060268936658,0.015227514701392319,3.1981786331319957,0.7955190735816945,0.7635372872503741,1.139184096401058
close,close_std,m00_poisson,Poisson,O/U 2.5_under_25,223,51.12107623318386,7.821092828078981,3.3205625478699194,0.25970427928333095,5.028184330939966,0.5156279530284624,0.46534610971906276,0.9946459735383154
close,close_std_t007,m00_poisson,Poisson,1X2_away,389,24.67866323907455,12.77535775736943,5.279882732947893,0.6745239083036678,5.540994415372268,0.31708956336763405,0.2616796192139117,1.0716110395663545
close,close_std_t007,m00_poisson,Poisson,1X2_draw,300,24.0,7.457065670778202,1.890998710870958,0.14101301570321656,0.4143713204376421,0.2509521647066588,0.24680845150228245,2.041974984816783
close,close_std_t007,m00_poisson,Poisson,1X2_home,329,39.209726443769,11.497061720614214,6.639355367026169,0.7633307843979109,5.632836018677495,0.4017852525144318,0.345456892327657,0.8100797807958025
close,close_std_t007,m00_poisson,Poisson,O/U 1.5_over_15,48,77.08333333333334,2.8627378454932297,0.49967523028288735,0.014304391921863663,2.985880776295631,0.7928545862061167,0.7629957784431601,1.4621979097663016
close,close_std_t007,m00_poisson,Poisson,O/U 2.5_under_25,224,50.89285714285714,7.9356999496678755,3.211813459541072,0.2548798790922269,4.549143944105537,0.510966429715394,0.4654749902743388,1.0002879587298696
close,raw,m05_poisson,Joint Gamma-Poisson,1X2_away,403,26.550868486352357,7.766783120763535,5.538823136227799,0.4301883804334862,5.4999252252634285,0.3262652852163248,0.2712660329636908,0.9320149648398138
close,raw,m05_poisson,Joint Gamma-Poisson,1X2_draw,273,24.175824175824175,3.378298092892948,1.5771804744665214,0.053281857890382436,0.5053735058081766,0.2493579711754468,0.24430423611736515,1.3168025883200476
close,raw,m05_poisson,Joint Gamma-Poisson,1X2_home,310,39.03225806451613,19.991705913709897,5.512101379279113,1.1019630974110273,4.904680225047125,0.3982133113441796,0.3491665090937082,0.953463620344471
close,raw,m05_poisson,Joint Gamma-Poisson,O/U 1.5_over_15,64,75.0,1.2518908964222746,0.7763476933582647,0.00971902609773643,3.4678269063137384,0.7938908463725814,0.7592125773094436,1.2791719271142654
close,raw,m05_poisson,Joint Gamma-Poisson,O/U 2.5_under_25,197,49.23857868020304,10.745747769600966,3.227959768731747,0.34686841485210823,5.315324695644345,0.5184005771602038,0.4652473302037603,1.1423474339396027
close,close_std,m05_poisson,Joint Gamma-Poisson,1X2_away,406,27.093596059113302,6.936990371522531,5.273074393942618,0.3657926629910195,5.0279219898604985,0.32250843694849635,0.27222921704989145,0.8943399923258422
close,close_std,m05_poisson,Joint Gamma-Poisson,1X2_draw,257,24.124513618677042,3.650067492889459,1.428716090214622,0.05214910157460516,0.5019106665131423,0.2481471969531177,0.2431280902879865,1.1617905448684505
close,close_std,m05_poisson,Joint Gamma-Poisson,1X2_home,311,38.90675241157556,19.89400475283144,5.284953482709319,1.0513888970351226,4.541324945562703,0.3950011409060381,0.349587891450411,0.9666189770832889
close,close_std,m05_poisson,Joint Gamma-Poisson,O/U 1.5_over_15,63,74.60317460317461,0.5812766732841101,0.7474696448245127,0.004344866685244482,3.1830595660116283,0.7905384917561351,0.758707896096019,1.2703146760721251
close,close_std,m05_poisson,Joint Gamma-Poisson,O/U 2.5_under_25,196,49.48979591836735,10.00394299505645,3.0838908390649804,0.3085106815698287,4.878529286210184,0.514168819571266,0.4653835267091644,1.124852450289791
close,close_std_t007,m05_poisson,Joint Gamma-Poisson,1X2_away,407,27.027027027027028,6.871549939576722,5.22251072579248,0.35886743262258103,4.8884599737373255,0.3212194692933985,0.2723348695560254,0.9112107741089588
close,close_std_t007,m05_poisson,Joint Gamma-Poisson,1X2_draw,260,24.23076923076923,2.4177540189903044,1.3801151081113903,0.03336778849305552,0.3855724433262404,0.24716771665332368,0.24331199222006142,1.2329225827379988
close,close_std_t007,m05_poisson,Joint Gamma-Poisson,1X2_home,311,38.90675241157556,19.613042038242092,5.252476213917477,1.0301703678843015,4.461827416818586,0.3942061656185967,0.349587891450411,0.969433890907421
close,close_std_t007,m05_poisson,Joint Gamma-Poisson,O/U 1.5_over_15,62,74.19354838709677,0.10160643764517917,0.7462389896344606,0.0007582268536869532,3.1336320016280124,0.7891002103142983,0.7577638902980182,1.2892772658948384
close,close_std_t007,m05_poisson,Joint Gamma-Poisson,O/U 2.5_under_25,194,49.48453608247423,9.129380402273362,3.0058403864987158,0.27441460316863164,4.633454763992526,0.5122234328344709,0.46588888519454574,1.1513769476972386
close,raw,m10_poisson,Poisson,1X2_away,378,25.396825396825395,14.780847758229886,5.582049478403563,0.825074235191896,6.944944656255038,0.32763225848767596,0.2581828119251256,0.9667473187488993
close,raw,m10_poisson,Poisson,1X2_draw,326,25.4601226993865,3.916153695401342,2.1955579640015164,0.08598142434192384,0.5502227749232999,0.2528206151372695,0.24731838738803652,1.517864721364993
close,raw,m10_poisson,Poisson,1X2_home,320,39.375,11.563263862581644,6.95920948248908,0.8047117552100148,6.997062788736853,0.41023193975697403,0.3402613118696054,0.7701660237100603
close,raw,m10_poisson,Poisson,O/U 1.5_over_15,47,78.72340425531915,1.639597090301344,0.43726705567538277,0.007169417921699933,2.965691395154223,0.7860220137369257,0.7563650997853832,1.1656246278253082
close,raw,m10_poisson,Poisson,O/U 2.5_under_25,228,49.122807017543856,7.7732250388049,3.0864166212242874,0.23991410960284248,5.089599309407354,0.5097434391402339,0.4588474460461603,1.0441049554918147
close,close_std,m10_poisson,Poisson,1X2_away,380,25.789473684210527,12.882120500782344,5.432071571927523,0.6997660055844452,6.2701736907853824,0.3217431598840128,0.25904142297615906,0.9435088713372665
close,close_std,m10_poisson,Poisson,1X2_draw,316,24.367088607594937,5.4423197485442,2.0838614313930677,0.11341040221300078,0.5376747709519204,0.2522537014302396,0.24687695372072044,1.5841988291588467
close,close_std,m10_poisson,Poisson,1X2_home,322,39.75155279503105,11.792159924501252,6.777576452701442,0.7992226543078931,6.336524236198936,0.40429555509125636,0.3409303127292669,0.7629460380502066
close,close_std,m10_poisson,Poisson,O/U 1.5_over_15,46,78.26086956521739,-0.3759574954829057,0.42702362944897243,-0.0016054273423965603,2.755497445615227,0.7847088560650737,0.7571538816089213,1.1481024978175276
close,close_std,m10_poisson,Poisson,O/U 2.5_under_25,223,48.87892376681614,7.99899667976136,3.0304061041132444,0.242402083651304,4.699136164952702,0.505781542165294,0.45879018051576725,1.0353080249648285
close,close_std_t007,m10_poisson,Poisson,1X2_away,379,25.593667546174142,11.209378513178034,5.383037076693212,0.6034050014312559,5.968202407904191,0.31834970181498196,0.2586676777359405,0.974570096829891
close,close_std_t007,m10_poisson,Poisson,1X2_draw,317,24.9211356466877,3.3183360237973294,2.016159581019643,0.06690294967421612,0.403277812212729,0.2509660330953689,0.24693325497324206,1.2236461648034036
close,close_std_t007,m10_poisson,Poisson,1X2_home,322,39.75155279503105,12.769504868671728,6.727969232119586,0.8591283586582463,6.03632256704267,0.40129353839969356,0.3409303127292669,0.783344987041377
close,close_std_t007,m10_poisson,Poisson,O/U 1.5_over_15,47,78.72340425531915,-0.8462060390395266,0.42833975954255016,-0.0036246369128564463,2.5693636979792527,0.7814113758398815,0.7557177388600888,1.0556168622570272
close,close_std_t007,m10_poisson,Poisson,O/U 2.5_under_25,225,48.888888888888886,7.444373651418079,2.9548657300401087,0.21997124584188832,4.268063113123888,0.5013336310341391,0.4586529999029003,1.0482758554004767
close,raw,m12_poisson,Joint Gamma-Poisson,1X2_away,413,26.876513317191282,10.026257177940316,5.74687397175542,0.5761963641003115,5.704007233596236,0.3276746094095109,0.2706345370735486,0.8777371033890091
close,raw,m12_poisson,Joint Gamma-Poisson,1X2_draw,282,24.46808510638298,0.5523285849968517,1.7462468557010566,0.00964502054864566,0.6507778340925292,0.2512496703641919,0.24474189202326666,1.2110273002817475
close,raw,m12_poisson,Joint Gamma-Poisson,1X2_home,301,37.2093023255814,18.118629249119675,5.590252876340111,1.0128771927523132,5.316605176151988,0.3960689194958567,0.342902867734337,0.9638325707438704
close,raw,m12_poisson,Joint Gamma-Poisson,O/U 1.5_over_15,60,73.33333333333333,1.2869890196950038,0.7376286360948718,0.009493199552667017,3.31860358640381,0.787642720165212,0.7544566843011737,1.219636021622594
close,raw,m12_poisson,Joint Gamma-Poisson,O/U 2.5_under_25,197,48.223350253807105,10.116811975251032,3.002007958104556,0.3037075006035107,5.241831740518615,0.5126470803136829,0.4602287629084969,1.1667333003776539
close,close_std,m12_poisson,Joint Gamma-Poisson,1X2_away,416,26.923076923076923,9.080632222753595,5.506745889498204,0.500047341666933,5.209105159458173,0.32363570992318524,0.2715446583286036,0.8801633235068053
close,close_std,m12_poisson,Joint Gamma-Poisson,1X2_draw,266,24.43609022556391,0.9485327518598038,1.6008418278415817,0.015184509042548536,0.6555554717935831,0.24988770678346972,0.24333215206553388,1.1761482155877996
close,close_std,m12_poisson,Joint Gamma-Poisson,1X2_home,306,37.254901960784316,18.065372260018332,5.352899763092929,0.967021268908377,4.825596780748915,0.39262728749696874,0.34437131968947965,0.9679893866672296
close,close_std,m12_poisson,Joint Gamma-Poisson,O/U 1.5_over_15,59,72.88135593220339,0.40710900629136304,0.7095678950429498,0.002888714806471895,3.058444279533798,0.7843462480939124,0.7537618052985744,1.2332123767586953
close,close_std,m12_poisson,Joint Gamma-Poisson,O/U 2.5_under_25,196,48.46938775510204,10.043249820783995,2.8860193335487945,0.28985013154443073,4.809106055340137,0.5078027439120444,0.4597116833586433,1.162437926325664
close,close_std_t007,m12_poisson,Joint Gamma-Poisson,1X2_away,417,26.85851318944844,9.224138159612112,5.4448886969758234,0.5022440560461536,5.033167724439235,0.32198109607351805,0.27164941882912597,0.9050873352573411
close,close_std_t007,m12_poisson,Joint Gamma-Poisson,1X2_draw,269,24.53531598513011,-0.8628258359657949,1.5429807715514738,-0.013313236740930476,0.5037769038764613,0.2487056266491232,0.24366785761035853,1.1566518450661707
close,close_std_t007,m12_poisson,Joint Gamma-Poisson,1X2_home,305,37.049180327868854,17.859170831479187,5.309599602823734,0.9482504635358311,4.721778811014368,0.39137683096958764,0.34415904285944376,0.9879364378609189
close,close_std_t007,m12_poisson,Joint Gamma-Poisson,O/U 1.5_over_15,58,74.13793103448276,0.007133914577615355,0.7041280147317259,5.0231891088020186e-5,2.9722562306187252,0.7829066455971158,0.7531840832909282,1.2448226111326424
close,close_std_t007,m12_poisson,Joint Gamma-Poisson,O/U 2.5_under_25,197,48.223350253807105,8.858425355865917,2.8139446080927795,0.2492711826633126,4.463093197565078,0.5056210099200354,0.46099007794438446,1.1749131953706653
t25,raw,m00_baseline_grw_negbin,NegBin,1X2_away,348,27.011494252873565,13.066017889727101,5.088785427395212,0.6649016143132842,6.55019370135997,0.3277115580554122,0.2622096210418126,0.8495797912998524
t25,raw,m00_baseline_grw_negbin,NegBin,1X2_draw,279,26.16487455197133,8.731950055241283,1.9161407003480355,0.167316448942541,0.43534610496254134,0.2515084912460714,0.24715503019644602,1.116665510220466
t25,raw,m00_baseline_grw_negbin,NegBin,1X2_home,300,36.0,11.933485332111497,6.732009835854735,0.8033634063180282,6.629457761343365,0.4073653724242656,0.34107079481083236,0.9315505948959492
t25,raw,m00_baseline_grw_negbin,NegBin,O/U 1.5_over_15,28,89.28571428571429,21.830964117216016,0.324433790742855,0.07082702444119637,3.4337855180673635,0.7867610359091827,0.7524231807285087,1.040723140725655
t25,raw,m00_baseline_grw_negbin,NegBin,O/U 2.5_under_25,194,52.0618556701031,12.392258808260284,3.3606358497065245,0.41645869209880965,5.445138260923803,0.5203030174052772,0.46585163479603886,1.0412054721380228
t25,t25_inv,m00_baseline_grw_negbin,NegBin,1X2_away,369,28.455284552845526,13.050269654861026,3.028300355479768,0.39520136234922476,3.2147366063273672,0.3012312546759262,0.2690838886126525,0.7967633119411813
t25,t25_inv,m00_baseline_grw_negbin,NegBin,1X2_draw,170,27.058823529411764,33.42737584247356,0.9029484774817069,0.3018319812317029,0.9705543512448443,0.24792586153819413,0.23822031802574553,1.0011125307225535
t25,t25_inv,m00_baseline_grw_negbin,NegBin,1X2_home,314,35.98726114649681,13.43451741297154,3.770379451377125,0.5065322839303606,3.1277599777884393,0.37859794615452175,0.3473203463766378,0.9220666229019426
t25,t25_inv,m00_baseline_grw_negbin,NegBin,O/U 1.5_over_15,16,93.75,27.412349809434346,0.16383481254457147,0.04491097192434895,1.5623182499003185,0.7646899677875804,0.7490667852885773,0.7853858386767518
t25,t25_inv,m00_baseline_grw_negbin,NegBin,O/U 2.5_under_25,194,51.546391752577314,19.090352752001458,2.451462826011622,0.46799290106980235,3.563630189433145,0.5026338288546418,0.4669975269603101,1.2743676181980128
t25,raw,m05_wealth_grw_negbin,Joint Gamma-NegBin,1X2_away,378,27.24867724867725,9.17684602942488,5.27916027034484,0.48446040965611625,5.5535696677044575,0.32880467657382245,0.27326897989677834,0.8021833572978356
t25,raw,m05_wealth_grw_negbin,Joint Gamma-NegBin,1X2_draw,238,24.369747899159663,0.04307434947821963,1.4277033175056728,0.0006149739164945291,0.39082587660075296,0.24887093061741922,0.24496267185141168,1.6269679665528463
t25,raw,m05_wealth_grw_negbin,Joint Gamma-NegBin,1X2_home,288,36.45833333333333,20.09336856674317,5.142872463808262,1.0333763190705392,4.784932987592768,0.39367051314292456,0.3458211832669973,1.0512781504773108
t25,raw,m05_wealth_grw_negbin,Joint Gamma-NegBin,O/U 1.5_over_15,45,86.66666666666667,20.800178313175284,0.5761754452389127,0.11984552000642547,3.8083315713477526,0.7878713841470252,0.7497880684335476,1.4421992805595727
t25,raw,m05_wealth_grw_negbin,Joint Gamma-NegBin,O/U 2.5_under_25,173,53.75722543352601,17.15946167141302,3.3899847157320964,0.5817031279628087,5.674100857146972,0.5269081212360537,0.47016711266458383,1.117458827549597
t25,t25_inv,m05_wealth_grw_negbin,Joint Gamma-NegBin,1X2_away,386,26.94300518134715,7.888190575296826,2.801873269088976,0.2210171031440377,2.7550840854803393,0.30444816729788365,0.27689732644308074,0.8498897022382224
t25,t25_inv,m05_wealth_grw_negbin,Joint Gamma-NegBin,1X2_draw,118,22.88135593220339,21.057425828928807,0.5063580065183285,0.10662596165143953,0.9674299456807269,0.24011644902902993,0.2304421495722225,1.1808495288992809
t25,t25_inv,m05_wealth_grw_negbin,Joint Gamma-NegBin,1X2_home,300,37.333333333333336,21.092994526767626,2.6880275410681187,0.5669855021155047,2.1852825890459004,0.370729958391416,0.34887713250095725,0.9189792866249054
t25,t25_inv,m05_wealth_grw_negbin,Joint Gamma-NegBin,O/U 1.5_over_15,26,88.46153846153845,24.604674302719886,0.32403472747727996,0.07972768932349071,2.1474715143058267,0.7670931649711358,0.7456184498280773,2.1472792160553533
t25,t25_inv,m05_wealth_grw_negbin,Joint Gamma-NegBin,O/U 2.5_under_25,168,52.976190476190474,20.627765961200417,2.062956702980934,0.42554188057180353,3.3793180854290705,0.5007569438561796,0.466963763001889,1.1901789518292878
t25,raw,m10_lineup_grw_negbin,NegBin,1X2_away,350,26.571428571428573,12.258704210259165,5.277426932040572,0.6469441575114087,6.9064040591795575,0.3281698930325148,0.2591058524407194,0.8460235315481827
t25,raw,m10_lineup_grw_negbin,NegBin,1X2_draw,286,26.923076923076923,5.9103547038893565,2.0628414182119257,0.12192124479506646,0.5022743559807623,0.25221193927739644,0.24718919571758916,1.0762000469971893
t25,raw,m10_lineup_grw_negbin,NegBin,1X2_home,292,35.61643835616438,12.888840264297338,6.794422466081808,0.8757222585348161,7.128465058742613,0.4075689989350209,0.3362843483475951,0.9366419022471867
t25,raw,m10_lineup_grw_negbin,NegBin,O/U 1.5_over_15,30,80.0,19.058036482461993,0.23877937795315385,0.045506660962907876,2.696528162132712,0.7754470674904171,0.74848178586909,1.3576219233366174
t25,raw,m10_lineup_grw_negbin,NegBin,O/U 2.5_under_25,195,53.84615384615385,16.16363690547657,3.081839220755085,0.49813730165342035,5.112598750145944,0.5136095560034154,0.46248356850195615,1.0093459885946774
t25,t25_inv,m10_lineup_grw_negbin,NegBin,1X2_away,372,28.49462365591398,8.66194585920363,3.0986801728137734,0.26840599891900657,3.3327552285268043,0.2997304215009863,0.26640286921571826,0.7221709761971553
t25,t25_inv,m10_lineup_grw_negbin,NegBin,1X2_draw,177,25.423728813559322,29.37342066350542,0.9862609720798354,0.2896985841689878,1.0094325130141395,0.2478677376631088,0.23777341253296738,1.2005681780498998
t25,t25_inv,m10_lineup_grw_negbin,NegBin,1X2_home,313,36.102236421725244,12.707713848755287,3.770499030164014,0.4791442274233362,3.2406993995382654,0.3772110430547754,0.3448040490593932,0.8654247862567974
t25,t25_inv,m10_lineup_grw_negbin,NegBin,O/U 1.5_over_15,16,93.75,31.337527755987633,0.12413277040851052,0.03890014138104339,1.2186427482125304,0.7612532127707023,0.7490667852885773,0.9843150352977941
t25,t25_inv,m10_lineup_grw_negbin,NegBin,O/U 2.5_under_25,193,52.84974093264248,23.230729975690203,2.2380358585749693,0.519912067064671,3.3026205454793662,0.4963430628395171,0.46331685738472306,1.2080105675831636
t25,raw,m12_joint_hybrid_synergy_negbin,Joint Gamma-NegBin,1X2_away,376,26.595744680851062,14.348583512104575,5.433368474402154,0.7796114130699553,5.983759189191605,0.3324712043218122,0.2726336124298966,0.8579523528746933
t25,raw,m12_joint_hybrid_synergy_negbin,Joint Gamma-NegBin,1X2_draw,245,23.6734693877551,1.4248281535213028,1.5700071840314487,0.022369904370387092,0.6442001863152339,0.24988357598880798,0.24344157412565587,1.2602959523100283
t25,raw,m12_joint_hybrid_synergy_negbin,Joint Gamma-NegBin,1X2_home,282,34.39716312056738,18.30414538338999,5.201947875635709,0.9521721019245274,5.07899312851241,0.3946620092478244,0.34387207796270086,1.1041150410967246
t25,raw,m12_joint_hybrid_synergy_negbin,Joint Gamma-NegBin,O/U 1.5_over_15,43,88.37209302325581,24.10940001809852,0.4959786966936449,0.11957748799042242,3.2567120429847525,0.7816547550533389,0.7490876346234916,1.1975170938741735
t25,raw,m12_joint_hybrid_synergy_negbin,Joint Gamma-NegBin,O/U 2.5_under_25,173,53.75722543352601,19.161789587902238,3.243538565243492,0.6215200350744211,5.62655292110369,0.5209092456542687,0.4646437164432318,1.1779228287048167
t25,t25_inv,m12_joint_hybrid_synergy_negbin,Joint Gamma-NegBin,1X2_away,396,28.030303030303028,8.442879559761208,2.9546298109158937,0.24945583637242924,2.856708200055237,0.3061297722803122,0.2775626902797598,0.7859643881207061
t25,t25_inv,m12_joint_hybrid_synergy_negbin,Joint Gamma-NegBin,1X2_draw,124,23.387096774193548,27.969688033502482,0.6292965939693806,0.17601229413869254,1.1725569826412894,0.24187255965536936,0.23014698982895626,1.1001359855066943
t25,t25_inv,m12_joint_hybrid_synergy_negbin,Joint Gamma-NegBin,1X2_home,297,37.03703703703704,20.322714943820138,2.7939961976571563,0.5678158827910373,2.3179558366817914,0.3729850967941881,0.34980553842737055,0.9275501989229575
t25,t25_inv,m12_joint_hybrid_synergy_negbin,Joint Gamma-NegBin,O/U 1.5_over_15,26,92.3076923076923,28.5319013861336,0.26381632335154426,0.07527181321918595,1.7012026065477248,0.7603766808912655,0.743364654825788,4.26106587682587
t25,t25_inv,m12_joint_hybrid_synergy_negbin,Joint Gamma-NegBin,O/U 2.5_under_25,168,55.35714285714286,23.021601938154937,2.064867563301995,0.4753655909734647,3.40085360535567,0.4988257142532203,0.46481717819966384,1.1507006869759184
t25,raw,m00_poisson,Poisson,1X2_away,341,26.68621700879765,13.84187170691302,4.926713484285466,0.6819493598619787,6.476026289829438,0.32569173004044194,0.2609314671421477,0.8819799138843438
t25,raw,m00_poisson,Poisson,1X2_draw,289,26.643598615916954,8.402815084352136,2.007645917071433,0.16869877396005814,0.468544386714341,0.2532190555640262,0.24853361169688276,1.0510266987505104
t25,raw,m00_poisson,Poisson,1X2_home,300,36.0,12.417324991243921,6.687720524160624,0.8304359919911461,6.58166618122419,0.41025616777531015,0.34443950596306855,0.960156501733652
t25,raw,m00_poisson,Poisson,O/U 1.5_over_15,39,82.05128205128204,16.780346525177087,0.4917194468880103,0.08251222711949223,3.6969221044751595,0.7969861247090432,0.7600169036642913,1.4766831906516458
t25,raw,m00_poisson,Poisson,O/U 2.5_under_25,186,50.53763440860215,12.702364077274254,3.2598719670131344,0.41408080570301004,5.475508796636486,0.5253980099761021,0.47064292200973673,1.1189139635467396
t25,t25_inv,m00_poisson,Poisson,1X2_away,348,27.873563218390807,13.603297051826498,2.7471889025054193,0.37370826698262444,3.1305989586390504,0.29832291259144383,0.2670169230050535,0.8273357255237912
t25,t25_inv,m00_poisson,Poisson,1X2_draw,174,25.287356321839084,33.66199085387839,0.9332605324098019,0.3141540750626443,1.0401494918857879,0.2496067022041673,0.23920520728530953,1.1570178760864187
t25,t25_inv,m00_poisson,Poisson,1X2_home,303,36.96369636963696,14.788741050037503,3.584208409370108,0.5300593003554134,3.132613832935983,0.37861637795103265,0.34729023962167316,0.9051388591327072
t25,t25_inv,m00_poisson,Poisson,O/U 1.5_over_15,30,90.0,20.876092781274142,0.29233833609864246,0.06102882227918564,1.8415866180167741,0.7746916985898037,0.7562758324096358,1.1138092403583388
t25,t25_inv,m00_poisson,Poisson,O/U 2.5_under_25,172,53.48837209302325,20.698197655287007,2.2365346642704362,0.46292236543970455,3.6025195498047875,0.504718814739661,0.46869361924161357,1.231412938024272
t25,raw,m05_poisson,Joint Gamma-Poisson,1X2_away,363,26.446280991735538,8.444221845071766,5.083695992799971,0.42927856756105315,5.622978534904433,0.3285147320853302,0.2722849467362864,0.8575254040760124
t25,raw,m05_poisson,Joint Gamma-Poisson,1X2_draw,252,23.809523809523807,0.8565192464157301,1.499638883763539,0.012844695666168731,0.36522792740007143,0.2503899891916388,0.24673770991763813,1.888867347424569
t25,raw,m05_poisson,Joint Gamma-Poisson,1X2_home,281,36.654804270462634,20.756687435446928,5.058821711394116,1.0500438105506038,4.895205772913642,0.3968264670431282,0.34787440931399216,1.0605724511546433
t25,raw,m05_poisson,Joint Gamma-Poisson,O/U 1.5_over_15,58,84.48275862068965,18.60293568407918,0.8000464384108901,0.14883212438034404,3.856999536028664,0.7912908169556165,0.7527208215953299,1.655232310683906
t25,raw,m05_poisson,Joint Gamma-Poisson,O/U 2.5_under_25,170,52.94117647058824,17.81178537485714,3.27575541560065,0.5834705240320474,5.4767994379947105,0.5256271857360983,0.47085919135615123,1.1493597861615419
t25,t25_inv,m05_poisson,Joint Gamma-Poisson,1X2_away,358,25.41899441340782,7.489989249012035,2.5104353934984798,0.1880313410764291,2.6955268268016948,0.30016277044295103,0.27320750217493434,0.926630826366342
t25,t25_inv,m05_poisson,Joint Gamma-Poisson,1X2_draw,126,23.809523809523807,24.13118702058202,0.5141964103483104,0.12408169743427012,0.8649698446844647,0.242056231563327,0.23340653311648232,1.154868465288348
t25,t25_inv,m05_poisson,Joint Gamma-Poisson,1X2_home,292,38.35616438356164,22.2447007484051,2.4694319259115742,0.5493177421046065,2.130136128361123,0.37556952912162317,0.35426816783801235,0.9529070188565666
t25,t25_inv,m05_poisson,Joint Gamma-Poisson,O/U 1.5_over_15,41,90.2439024390244,22.803972601171346,0.4890803299966655,0.11152974445015801,2.2071898765314306,0.7776324030115914,0.7555605042462771,1.4681734587575133
t25,t25_inv,m05_poisson,Joint Gamma-Poisson,O/U 2.5_under_25,152,53.94736842105263,21.01419839634225,1.8604012992902121,0.3909484200009741,3.2970586788618155,0.5052032439862696,0.4722326571976517,1.1663673489041742
t25,raw,m10_poisson,Poisson,1X2_away,336,25.892857142857146,12.340716422098911,5.109266263862858,0.6305200608732832,7.000479903031802,0.32841203824444026,0.2584072392141222,0.8903643878999585
t25,raw,m10_poisson,Poisson,1X2_draw,291,26.804123711340207,5.006036704163427,2.1486310396160397,0.10756125848022718,0.6006522370160166,0.25382226864659063,0.2478157462764307,1.1002367209228034
t25,raw,m10_poisson,Poisson,1X2_home,287,36.58536585365854,12.678173464203887,6.723142653984792,0.8523716879180728,7.233773895993066,0.41024270650814587,0.3379049675482154,0.9012595580865843
t25,raw,m10_poisson,Poisson,O/U 1.5_over_15,42,80.95238095238095,12.190081692962218,0.42094177856025805,0.05131314668630358,3.118655448197097,0.7838070339183405,0.7526204794363697,1.3189884815125295
t25,raw,m10_poisson,Poisson,O/U 2.5_under_25,187,54.01069518716578,17.015452295678536,2.962743384563748,0.5041241872438162,5.019556655497247,0.5122070925171845,0.4620115259622123,1.016074179845477
t25,t25_inv,m10_poisson,Poisson,1X2_away,349,26.93409742120344,8.961462268823793,2.819536010546105,0.2526716557409888,3.27955259258086,0.29447836124006305,0.26168283531425457,0.79237047087166
t25,t25_inv,m10_poisson,Poisson,1X2_draw,180,25.555555555555554,29.43171758189727,1.0204189944960105,0.30032683661210163,1.142624918761521,0.24991891746960693,0.23849266828199178,1.1449365892377636
t25,t25_inv,m10_poisson,Poisson,1X2_home,304,36.18421052631579,13.119420583876016,3.5749443763579665,0.46901198837402513,3.2219745385917,0.3777433749966649,0.3455236296107481,0.868706083808944
t25,t25_inv,m10_poisson,Poisson,O/U 1.5_over_15,34,85.29411764705883,21.248573417870734,0.2523103916100352,0.05361235880217549,1.4979240548044765,0.7681628469121294,0.7531836063640845,1.584423279236866
t25,t25_inv,m10_poisson,Poisson,O/U 2.5_under_25,179,53.072625698324025,25.47983000481842,2.0149187370547783,0.5133978689367917,3.197097421660313,0.4959552099290248,0.46398423571242237,1.2430806745250211
t25,raw,m12_poisson,Joint Gamma-Poisson,1X2_away,365,26.84931506849315,14.696008090595003,5.243343254826924,0.7705621489470322,5.977487581023798,0.3299643233126743,0.27018944750243656,0.8603253422329891
t25,raw,m12_poisson,Joint Gamma-Poisson,1X2_draw,260,23.46153846153846,1.2130686109738347,1.6528117661757142,0.020049740733959844,0.6707935698782065,0.25197698273974656,0.24526904704096464,1.4038504644876026
t25,raw,m12_poisson,Joint Gamma-Poisson,1X2_home,275,33.45454545454545,19.40787406571643,5.146904092485798,0.9989046645528488,5.244590549775075,0.3952110891949992,0.3427651836972487,1.188216980376677
t25,raw,m12_poisson,Joint Gamma-Poisson,O/U 1.5_over_15,55,87.27272727272727,19.64698527872672,0.729916951239785,0.14340667595701143,3.771052476858483,0.7899193605494493,0.7522088357808646,1.3437898020096697
t25,raw,m12_poisson,Joint Gamma-Poisson,O/U 2.5_under_25,163,53.987730061349694,20.192803184628616,3.1110723841480192,0.6282127234623427,5.653481961676473,0.5223342824722377,0.46579946285547286,1.1726209694824932
t25,t25_inv,m12_poisson,Joint Gamma-Poisson,1X2_away,373,27.882037533512065,9.245265489504247,2.6496412709542425,0.24496637001919427,2.7750443017052184,0.3014045520083235,0.2736541089912717,0.8191491535356459
t25,t25_inv,m12_poisson,Joint Gamma-Poisson,1X2_draw,134,24.62686567164179,28.821901874465226,0.6421881556675901,0.1850908400759508,1.1124949914697528,0.24362625055560228,0.23250130064090468,1.0266619221305098
t25,t25_inv,m12_poisson,Joint Gamma-Poisson,1X2_home,285,36.49122807017544,21.55830199892877,2.584241032666153,0.5571184862024047,2.3666685151765114,0.37293040283476936,0.3492637176830046,1.0000644752681598
t25,t25_inv,m12_poisson,Joint Gamma-Poisson,O/U 1.5_over_15,42,90.47619047619048,25.01125185400453,0.42640638961664024,0.10664957602858571,1.8687040491991946,0.7721443528560727,0.7534573123640808,1.8303905361334079
t25,t25_inv,m12_poisson,Joint Gamma-Poisson,O/U 2.5_under_25,150,54.666666666666664,23.7684586444277,1.846631859064865,0.4389159297366588,3.3662008263876233,0.49942373193046025,0.46576172366658414,1.177338674980742
