t_s,rss_bytes
0.0,2216071168
2.0,2587971584
4.0,2594320384
6.0,2601807872
8.0,2603171840
10.0,2603655168
12.0,2603925504
14.0,2604552192
16.0,2604630016
18.0,2604699648
20.0,2605056000
22.0,2605285376
24.0,2605375488
26.0,2605621248
28.0,2605621248
30.0,2605699072
32.0,2605760512
34.0,2605920256
36.0,2606067712
38.0,2606141440
40.0,2606264320
42.0,2606333952
44.0,2606424064
46.0,2606632960
48.0,2606632960
50.0,2606804992
52.0,2606804992
54.0,2606956544
56.0,2606997504
58.0,2607067136
60.0,2607206400
62.0,2607345664
64.0,2607345664
66.0,2607345664
68.0,2607345664
70.0,2607345664
72.0,2607345664
74.0,2607427584
76.0,2607448064
78.0,2607448064
80.0,2607448064
82.0,2607517696
84.0,2607599616
86.0,2607616000
88.0,2607804416
90.0,2607955968
92.0,2608054272
94.0,2608054272
96.0,2608070656
98.0,2608082944
100.0,2608152576
102.0,2608152576
104.0,2608246784
106.0,2608373760
108.0,2608373760
110.0,2608447488
112.0,2608472064
114.0,2608472064
116.0,2608472064
118.0,2608472064
120.0,2608472064
122.0,2608500736
124.0,2608500736
126.0,2608500736
128.0,2608795648
130.0,2608795648
132.0,2608803840
134.0,2608803840
136.0,2608803840
138.0,2608877568
140.0,2608877568
142.0,2608889856
144.0,2608889856
146.0,2608959488
148.0,2609053696
150.0,2609053696
152.0,2609053696
154.0,2609053696
156.0,2609057792
158.0,2609057792
160.0,2609057792
162.0,2609057792
164.0,2609065984
166.0,2609065984
168.0,2609065984
170.0,2609147904
172.0,2609147904
174.0,2609147904
176.0,2609147904
178.0,2609147904
180.0,2609147904
182.0,2609147904
184.0,2609164288
186.0,2609164288
188.0,2609233920
190.0,2609233920
192.0,2609233920
194.0,2609233920
196.0,2609299456
198.0,2609299456
200.0,2609299456
202.0,2609332224
204.0,2609340416
206.0,2609483776
208.0,2609577984
210.0,2609602560
212.0,2609602560
214.0,2609602560
216.0,2609602560
218.0,2609602560
220.0,2609602560
222.0,2609602560
224.0,2609659904
226.0,2609659904
228.0,2609729536
230.0,2609729536
232.0,2609799168
234.0,2609799168
236.0,2609803264
238.0,2609803264
240.0,2609803264
242.0,2609803264
244.0,2609803264
246.0,2609815552
248.0,2609815552
250.0,2609827840
252.0,2609827840
254.0,2609827840
256.0,2609827840
258.0,2609827840
260.0,2609836032
262.0,2609836032
264.0,2609836032
266.0,2609836032
268.0,2609836032
270.0,2609836032
272.0,2609836032
274.0,2609905664
276.0,2609905664
278.0,2609905664
280.0,2609905664
282.0,2609975296
284.0,2609975296
286.0,2609975296
288.0,2609975296
290.0,2609975296
292.0,2609979392
294.0,2609995776
296.0,2609995776
298.0,2609995776
300.0,2610024448
302.0,2610094080
304.0,2610094080
306.0,2610114560
308.0,2610114560
310.0,2610114560
312.0,2610114560
314.0,2610114560
316.0,2610114560
318.0,2610114560
320.0,2610114560
322.0,2610163712
324.0,2610163712
326.0,2610163712
328.0,2610925568
330.0,2610925568
332.0,2610925568
334.0,2610925568
336.0,2610925568
338.0,2610925568
340.0,2610925568
342.0,2610925568
344.0,2610933760
346.0,2610933760
348.0,2610933760
350.0,2610933760
352.0,2610937856
354.0,2611011584
356.0,2611011584
358.0,2611011584
360.0,2611011584
362.0,2611011584
364.0,2611011584
366.0,2611011584
368.0,2611011584
370.0,2611011584
372.0,2611011584
374.0,2611011584
376.0,2611011584
378.0,2611011584
380.0,2611011584
382.0,2611023872
384.0,2611023872
386.0,2611048448
388.0,2611048448
390.0,2611048448
392.0,2611048448
394.0,2611048448
396.0,2611048448
398.0,2611048448
400.0,2611048448
402.0,2611048448
404.0,2611048448
406.0,2611048448
408.0,2611048448
410.0,2611048448
412.0,2611048448
414.0,2611048448
416.0,2611187712
418.0,2611187712
420.0,2611187712
422.0,2611187712
424.0,2611187712
426.0,2611187712
428.0,2611187712
430.0,2611187712
432.0,2611187712
434.0,2611187712
436.0,2611187712
438.0,2611187712
440.0,2611187712
442.0,2611187712
444.0,2611204096
446.0,2611204096
448.0,2611204096
450.0,2611212288
452.0,2611212288
454.0,2611216384
456.0,2611216384
458.0,2611216384
460.0,2611216384
462.0,2611220480
464.0,2611220480
466.0,2611220480
468.0,2611220480
470.0,2611220480
472.0,2611220480
474.0,2611220480
476.0,2611220480
478.0,2611220480
480.0,2611224576
482.0,2611224576
484.0,2611359744
486.0,2611691520
488.0,2611691520
490.0,2611691520
492.0,2611691520
494.0,2611691520
496.0,2611691520
498.0,2611728384
500.0,2611728384
502.0,2611728384
504.0,2611728384
506.0,2611728384
508.0,2611736576
510.0,2611736576
512.0,2611736576
514.0,2611744768
516.0,2611744768
518.0,2611744768
520.0,2611744768
522.0,2611744768
524.0,2611744768
526.0,2611744768
528.0,2611744768
530.0,2611744768
532.0,2611777536
534.0,2611777536
536.0,2611777536
538.0,2611777536
540.0,2611777536
542.0,2611777536
544.0,2611777536
546.0,2611777536
548.0,2611777536
550.0,2611785728
552.0,2611785728
554.0,2611785728
556.0,2611785728
558.0,2611785728
560.0,2611785728
562.0,2611785728
564.0,2611785728
566.0,2611785728
568.0,2611785728
570.0,2611785728
572.0,2611855360
574.0,2611859456
576.0,2611859456
578.0,2611859456
580.0,2611859456
582.0,2611859456
584.0,2611863552
586.0,2611863552
588.0,2611863552
590.0,2611863552
592.0,2611863552
594.0,2611863552
596.0,2611863552
598.0,2611863552
600.0,2611867648
602.0,2611867648
604.0,2611867648
606.0,2611920896
608.0,2611937280
610.0,2611937280
612.0,2611937280
614.0,2611945472
616.0,2612011008
618.0,2612011008
620.0,2612043776
622.0,2612043776
624.0,2612043776
626.0,2612043776
628.0,2612047872
630.0,2612047872
632.0,2612047872
634.0,2612047872
636.0,2612047872
638.0,2612047872
640.0,2612047872
642.0,2612047872
644.0,2612047872
646.0,2612047872
648.0,2612047872
650.0,2612326400
652.0,2612326400
654.0,2612326400
656.0,2612359168
658.0,2612359168
660.0,2612359168
662.0,2612359168
664.0,2612359168
666.0,2612359168
668.0,2612359168
670.0,2612359168
672.0,2612359168
674.0,2612363264
676.0,2612379648
678.0,2612383744
680.0,2612387840
682.0,2612387840
684.0,2612396032
686.0,2612396032
688.0,2612396032
690.0,2612396032
692.0,2612396032
694.0,2612396032
696.0,2612396032
698.0,2612396032
700.0,2612396032
702.0,2612457472
704.0,2612527104
706.0,2612527104
708.0,2612527104
710.0,2612527104
712.0,2612527104
714.0,2612527104
716.0,2612539392
718.0,2612539392
720.0,2612539392
722.0,2612609024
724.0,2612609024
726.0,2612609024
728.0,2612609024
730.0,2612609024
732.0,2612609024
734.0,2612633600
736.0,2612633600
738.0,2612633600
740.0,2612633600
742.0,2612633600
744.0,2612633600
746.0,2612633600
748.0,2612633600
750.0,2612670464
752.0,2612670464
754.0,2612670464
756.0,2612670464
758.0,2612670464
760.0,2612670464
762.0,2612670464
764.0,2612740096
766.0,2612740096
768.0,2612740096
770.0,2612744192
772.0,2612744192
774.0,2612748288
776.0,2612748288
778.0,2612748288
780.0,2612748288
782.0,2612748288
784.0,2612748288
786.0,2612756480
788.0,2612756480
790.0,2612756480
792.0,2612756480
794.0,2612760576
796.0,2612760576
798.0,2612760576
800.0,2612760576
802.0,2612760576
804.0,2612760576
806.0,2612760576
808.0,2612760576
810.0,2612760576
812.0,2612760576
814.0,2612830208
816.0,2612830208
818.0,2612830208
820.0,2612830208
822.0,2612830208
824.0,2612830208
826.0,2612830208
828.0,2612830208
830.0,2612830208
832.0,2612830208
834.0,2612830208
836.0,2612830208
838.0,2612830208
840.0,2612830208
842.0,2612965376
844.0,2612965376
846.0,2612965376
848.0,2612977664
850.0,2613063680
852.0,2613063680
854.0,2613063680
856.0,2613063680
858.0,2613063680
860.0,2613293056
862.0,2613293056
864.0,2613293056
866.0,2613293056
868.0,2613293056
870.0,2613362688
872.0,2613575680
874.0,2613575680
876.0,2613575680
878.0,2613575680
880.0,2613575680
882.0,2613575680
884.0,2613575680
886.0,2613657600
888.0,2613657600
890.0,2613657600
892.0,2613657600
894.0,2613657600
896.0,2613657600
898.0,2613657600
900.0,2613710848
902.0,2613710848
904.0,2613710848
906.0,2613710848
908.0,2613710848
910.0,2613710848
912.0,2613710848
914.0,2613710848
916.0,2613710848
918.0,2613710848
920.0,2613710848
922.0,2613780480
924.0,2613780480
926.0,2613780480
928.0,2613780480
930.0,2613829632
932.0,2613841920
934.0,2613841920
936.0,2613841920
938.0,2613841920
940.0,2613866496
942.0,2614280192
944.0,2614280192
946.0,2614280192
948.0,2614280192
950.0,2614280192
952.0,2614489088
954.0,2614489088
956.0,2614489088
958.0,2614505472
960.0,2614575104
962.0,2614697984
964.0,2614697984
966.0,2614697984
968.0,2614697984
970.0,2614697984
972.0,2614697984
974.0,2614697984
976.0,2614697984
978.0,2614697984
980.0,2614697984
982.0,2614697984
984.0,2614697984
986.0,2614697984
988.0,2614751232
990.0,2614751232
992.0,2614751232
994.0,2614751232
996.0,2614751232
998.0,2614751232
1000.0,2614751232
1002.0,2614751232
1004.0,2614751232
1006.0,2614751232
1008.0,2614751232
1010.0,2614820864
1012.0,2614820864
1014.0,2614820864
1016.0,2614820864
1018.0,2614820864
1020.0,2614820864
1022.0,2614820864
1024.0,2614874112
1026.0,2614874112
1028.0,2614874112
1030.0,2614874112
1032.0,2614874112
1034.0,2614874112
1036.0,2614874112
1038.0,2614874112
1040.0,2614874112
1042.0,2614874112
1044.0,2614874112
1046.0,2614874112
1048.0,2614874112
1050.0,2614874112
1052.0,2614874112
1054.0,2614874112
1056.0,2614874112
1058.0,2614874112
1060.0,2614874112
1062.0,2614874112
1064.0,2614874112
1066.0,2614874112
1068.0,2614874112
1070.0,2614874112
1072.0,2614902784
1074.0,2614902784
1076.0,2614902784
1078.0,2614956032
1080.0,2614956032
1082.0,2614972416
1084.0,2614976512
1086.0,2614976512
1088.0,2615005184
1090.0,2615074816
1092.0,2615074816
1094.0,2615074816
1096.0,2615119872
1098.0,2615119872
1100.0,2615152640
1102.0,2615152640
1104.0,2615152640
1106.0,2615197696
1108.0,2615197696
1110.0,2615197696
1112.0,2615197696
1114.0,2615197696
1116.0,2615197696
1118.0,2615218176
1120.0,2615271424
1122.0,2615291904
1124.0,2615291904
1126.0,2615291904
1128.0,2615291904
1130.0,2615291904
1132.0,2615291904
1134.0,2615291904
1136.0,2615291904
1138.0,2615316480
1140.0,2615328768
1142.0,2615328768
1144.0,2615328768
1146.0,2615328768
1148.0,2615328768
1150.0,2615328768
1152.0,2615328768
1154.0,2615328768
1156.0,2615328768
1158.0,2615328768
1160.0,2615328768
1162.0,2615328768
1164.0,2615328768
1166.0,2615328768
1168.0,2615328768
1170.0,2615328768
1172.0,2615369728
1174.0,2615369728
1176.0,2615382016
1178.0,2615418880
1180.0,2615422976
1182.0,2615422976
1184.0,2615422976
1186.0,2615422976
1188.0,2615422976
1190.0,2615427072
1192.0,2615427072
1194.0,2615427072
1196.0,2615427072
1198.0,2615496704
1200.0,2615496704
1202.0,2615517184
1204.0,2615517184
1206.0,2615517184
1208.0,2615517184
1210.0,2615517184
1212.0,2615517184
1214.0,2615517184
1216.0,2615672832
1218.0,2615672832
1220.0,2615713792
1222.0,2615713792
1224.0,2615713792
1226.0,2615717888
1228.0,2615717888
1230.0,2615717888
1232.0,2615717888
1234.0,2615717888
1236.0,2615717888
1238.0,2615717888
1240.0,2615771136
1242.0,2615771136
1244.0,2615771136
1246.0,2615873536
1248.0,2615918592
1250.0,2615980032
1252.0,2616012800
1254.0,2616082432
1256.0,2616147968
1258.0,2616147968
1260.0,2616147968
1262.0,2616147968
1264.0,2616156160
1266.0,2616156160
1268.0,2616156160
1270.0,2616225792
1272.0,2616365056
1274.0,2616365056
1276.0,2616397824
1278.0,2616397824
1280.0,2616397824
1282.0,2616397824
1284.0,2616438784
1286.0,2616467456
1288.0,2616467456
1290.0,2616467456
1292.0,2616492032
1294.0,2616565760
1296.0,2616565760
1298.0,2616582144
1300.0,2616582144
1302.0,2617352192
1304.0,2617356288
1306.0,2617356288
1308.0,2617430016
1310.0,2617430016
1312.0,2617430016
1314.0,2617430016
1316.0,2617430016
1318.0,2617430016
1320.0,2617544704
1322.0,2617544704
1324.0,2617581568
1326.0,2617610240
1328.0,2617610240
1330.0,2617610240
1332.0,2617610240
1334.0,2617618432
1336.0,2617683968
1338.0,2617696256
1340.0,2617761792
1342.0,2617831424
1344.0,2617831424
1346.0,2617831424
1348.0,2617831424
1350.0,2617872384
1352.0,2617901056
1354.0,2617933824
1356.0,2617933824
1358.0,2617962496
1360.0,2617982976
1362.0,2617982976
1364.0,2617982976
1366.0,2617982976
1368.0,2617982976
1370.0,2617982976
1372.0,2618015744
1374.0,2618056704
1376.0,2618216448
1378.0,2618228736
1380.0,2618241024
1382.0,2618294272
1384.0,2618294272
1386.0,2618294272
1388.0,2618294272
1390.0,2618294272
1392.0,2618294272
1394.0,2618400768
1396.0,2618433536
1398.0,2618433536
1400.0,2618433536
1402.0,2618433536
1404.0,2618433536
1406.0,2618519552
1408.0,2618519552
1410.0,2618585088
1412.0,2618699776
1414.0,2618699776
1416.0,2618699776
1418.0,2618732544
1420.0,2618732544
1422.0,2618732544
1424.0,2618732544
1426.0,2618802176
1428.0,2618802176
1430.0,2618802176
1432.0,2618802176
1434.0,2618851328
1436.0,2618851328
1438.0,2618867712
1440.0,2618867712
1442.0,2618867712
1444.0,2618867712
1446.0,2618892288
1448.0,2618892288
1450.0,2619006976
1452.0,2619072512
1454.0,2619412480
1456.0,2619416576
1458.0,2619416576
1460.0,2619424768
1462.0,2619424768
1464.0,2619424768
1466.0,2619506688
1468.0,2619514880
1470.0,2619514880
1472.0,2619514880
1474.0,2619514880
1476.0,2619514880
1478.0,2619514880
1480.0,2619527168
1482.0,2619568128
1484.0,2619568128
1486.0,2619568128
1488.0,2624958464
1490.0,2638102528
1492.0,2639695872
1494.0,2639798272
1496.0,2640420864
1498.0,2640683008
1500.0,2640977920
1502.0,2641133568
1504.0,2641260544
1506.0,2641260544
1508.0,2641592320
1510.0,2485501952
1512.0,2584707072
1514.0,2586525696
1516.0,2587009024
1518.0,2587373568
1520.0,2587521024
1522.0,2587807744
1524.0,2588057600
1526.0,2588155904
1528.0,2588172288
1530.0,2588176384
1532.0,2635321344
1534.0,2638766080
1536.0,2639405056
1538.0,2639536128
1540.0,2639953920
1542.0,2640384000
1544.0,2641649664
1546.0,2641719296
1548.0,2641788928
1550.0,2641788928
1552.0,2650898432
1554.0,2692341760
1556.0,2646011904
1558.0,2619514880
1560.0,2618802176
1562.0,2698608640
1564.0,2727190528
1566.0,2729390080
1568.0,2718900224
1570.0,2712481792
1572.0,2680320000
1574.0,2680848384
1576.0,2771677184
1578.0,2695700480
1580.0,2734710784
1582.0,2777772032
1584.0,2776514560
1586.0,2782539776
1588.0,2843013120
1590.0,2823614464
1592.0,2886381568
1594.0,2968158208
1596.0,2964992000
1598.0,3090579456
1600.0,3153403904
1602.0,3170680832
