match_id,market_id,market_type,symbol,liquidity_t25,liquidity_t5,liquidity_change,wom_t25,best_back_t25,best_back_t5,future_back_change
16362431,1.261702726,BOTH_TEAMS_TO_SCORE,No,6.0,399.57000000000005,393.57000000000005,0.07650133877342853,2.04,2.16,0.1200000000000001
16362431,1.261702726,BOTH_TEAMS_TO_SCORE,Yes,36.660000000000004,622.42,585.76,0.12698742595864076,1.8,1.6299,-0.17010000000000014
16362431,1.261702727,MATCH_ODDS,away,112.1299,163.8699,51.739999999999995,0.7945155491501091,2.2599,2.2799,0.020000000000000018
16362431,1.261702727,MATCH_ODDS,draw,6.21,12.02,5.81,0.252233956133225,3.65,3.55,-0.10000000000000009
16362431,1.261702727,MATCH_ODDS,home,25.2299,25.2299,0.0,0.24849724071431176,3.3,3.3,0.0
16362431,1.261702737,OVER_UNDER_25,Over 2.5 Goals,20.0,17.0,-3.0,0.5,1.94,1.94,0.0
16362431,1.261702737,OVER_UNDER_25,Under 2.5 Goals,9.0,9.0,0.0,0.21428571428571427,1.98,1.98,0.0
16362432,1.261702837,MATCH_ODDS,away,134.33,476.41999999999996,342.0899999999999,0.4265663205360262,1.49,1.62,0.13000000000000012
16362432,1.261702837,MATCH_ODDS,draw,53.58,20.22,-33.36,0.5645348224633864,4.5,4.2,-0.2999999999999998
16362432,1.261702837,MATCH_ODDS,home,26.44,12.26,-14.180000000000001,0.8150431565967942,7.4,6.0,-1.4000000000000004
16362433,1.261702946,BOTH_TEAMS_TO_SCORE,No,4.0,4.0,0.0,1.0,2.06,2.06,0.0
16362433,1.261702946,BOTH_TEAMS_TO_SCORE,Yes,11.42,12.83,1.4100000000000001,1.0,1.64,1.66,0.020000000000000018
16362433,1.261702947,MATCH_ODDS,away,29.25,12.0,-17.25,0.17170531259172292,3.25,3.0,-0.25
16362433,1.261702947,MATCH_ODDS,draw,93.27,66.00999999999999,-27.260000000000005,0.7298693168479536,3.4,3.4,0.0
16362433,1.261702947,MATCH_ODDS,home,35.71,63.0,27.29,0.6527143118259916,2.4,2.52,0.1200000000000001
16362435,1.261703056,BOTH_TEAMS_TO_SCORE,No,534.77,516.79,-17.980000000000018,0.9300672945262957,2.34,2.34,0.0
16362435,1.261703056,BOTH_TEAMS_TO_SCORE,Yes,887.1999999999999,8.34,-878.8599999999999,0.9965739960685202,1.51,1.67,0.15999999999999992
16362435,1.261703057,MATCH_ODDS,away,178.6699,34.0,-144.6699,0.8653556765417137,2.46,2.22,-0.23999999999999977
16362435,1.261703057,MATCH_ODDS,draw,27.33,13.11,-14.219999999999999,0.7463134898962316,3.9,3.85,-0.04999999999999982
16362435,1.261703057,MATCH_ODDS,home,26.04,41.0,14.96,0.5302382406841784,2.7599,3.3,0.5400999999999998
16362435,1.261703067,OVER_UNDER_25,Over 2.5 Goals,164.72,25.93,-138.79,0.9216651745747538,1.72,1.72,0.0
16362435,1.261703067,OVER_UNDER_25,Under 2.5 Goals,12.0,17.0,5.0,0.4,2.2599,2.2799,0.020000000000000018
16362436,1.261703166,BOTH_TEAMS_TO_SCORE,No,388.37,315.51,-72.86000000000001,0.5306761040664626,2.24,2.24,0.0
16362436,1.261703166,BOTH_TEAMS_TO_SCORE,Yes,330.64,367.0,36.360000000000014,1.0,1.71,1.7,-0.010000000000000009
16362436,1.261703167,MATCH_ODDS,away,141.70999999999998,110.76,-30.949999999999974,0.7347055163832433,2.2599,2.12,-0.1398999999999999
16362436,1.261703167,MATCH_ODDS,draw,18.37,92.29,73.92,0.17077252021939202,3.6,3.85,0.25
16362436,1.261703167,MATCH_ODDS,home,146.78,105.01,-41.769999999999996,0.5610641795038416,3.2,3.5,0.2999999999999998
16362436,1.261703177,OVER_UNDER_25,Over 2.5 Goals,127.81,152.05,24.24000000000001,0.8513288483314462,1.87,1.81,-0.06000000000000005
16362436,1.261703177,OVER_UNDER_25,Under 2.5 Goals,26.0,118.02000000000001,92.02000000000001,0.19121865117305287,2.08,2.14,0.06000000000000005
16362602,1.261708508,BOTH_TEAMS_TO_SCORE,No,247.83,247.83,0.0,0.4892218405779936,2.62,2.62,0.0
16362602,1.261708508,BOTH_TEAMS_TO_SCORE,Yes,4.83,7.279999999999999,2.4499999999999993,0.011887767659365,1.57,1.58,0.010000000000000009
16362602,1.261708509,MATCH_ODDS,away,33.019999999999996,132.97,99.95,0.10116421568627451,1.92,1.9,-0.020000000000000018
16362602,1.261708509,MATCH_ODDS,draw,80.36,69.9899,-10.370099999999994,0.9298773432075909,4.1,4.2,0.10000000000000053
16362602,1.261708509,MATCH_ODDS,home,12.6,12.6,0.0,0.09280400677616557,3.85,3.85,0.0
16362602,1.261708519,OVER_UNDER_25,Over 2.5 Goals,18.62,23.990000000000002,5.370000000000001,0.18702290076335878,1.53,1.54,0.010000000000000009
16362602,1.261708519,OVER_UNDER_25,Under 2.5 Goals,42.29,42.29,0.0,0.7519559032716928,2.7599,2.7599,0.0
16362604,1.261709441,BOTH_TEAMS_TO_SCORE,No,154.1899,141.53,-12.659899999999993,0.5630041855640215,2.2799,2.24,-0.039899999999999824
16362604,1.261709441,BOTH_TEAMS_TO_SCORE,Yes,204.11,16.9,-187.21,0.5285359158941426,1.74,1.75,0.010000000000000009
16362604,1.261709442,MATCH_ODDS,away,152.81,199.32999999999998,46.51999999999998,0.840492822176998,1.99,2.0,0.010000000000000009
16362604,1.261709442,MATCH_ODDS,draw,7.1299,51.0099,43.88,0.10469765741212542,3.95,3.95,0.0
16362604,1.261709442,MATCH_ODDS,home,17.75,17.75,0.0,0.216305142578601,3.75,3.75,0.0
16362604,1.261709452,OVER_UNDER_25,Over 2.5 Goals,81.94000000000001,10.97,-70.97000000000001,0.8260913398528078,1.75,1.77,0.020000000000000018
16362604,1.261709452,OVER_UNDER_25,Under 2.5 Goals,14.0,14.0,0.0,0.158586316266425,2.24,2.24,0.0
16362608,1.261708650,MATCH_ODDS,away,15.2698,15.2698,0.0,0.6771589991928976,2.52,2.52,0.0
16362608,1.261708650,MATCH_ODDS,draw,10.23,13.09,2.8599999999999994,0.1453951108584423,3.5,3.5,0.0
16362608,1.261708650,MATCH_ODDS,home,78.92,83.92,5.0,0.7779976123793498,2.86,2.86,0.0
16362611,1.261709313,BOTH_TEAMS_TO_SCORE,No,410.03,404.3899,-5.640099999999961,0.7376232280348276,2.14,2.18,0.040000000000000036
16362611,1.261709313,BOTH_TEAMS_TO_SCORE,Yes,320.43,338.04,17.610000000000014,0.6325982666377116,1.64,1.69,0.050000000000000044
16362611,1.261709321,MATCH_ODDS,away,54.1,80.28,26.18,0.6615309366593299,3.25,3.1,-0.1499999999999999
16362611,1.261709321,MATCH_ODDS,draw,26.4899,13.77,-12.719899999999999,0.24145405291591732,4.1,3.85,-0.24999999999999956
16362611,1.261709321,MATCH_ODDS,home,276.25000000000006,27.59,-248.66000000000005,0.9101242051856487,2.2,2.2599,0.05989999999999984
16362611,1.261709342,OVER_UNDER_25,Over 2.5 Goals,97.92,100.17999999999999,2.259999999999991,0.8449391664509449,1.76,1.76,0.0
16362611,1.261709342,OVER_UNDER_25,Under 2.5 Goals,14.0,14.0,0.0,0.4666666666666667,2.22,2.22,0.0
16362613,1.261708790,BOTH_TEAMS_TO_SCORE,No,178.44,21.2,-157.24,0.47727819830422336,2.34,2.22,-0.11999999999999966
16362613,1.261708790,BOTH_TEAMS_TO_SCORE,Yes,223.26,239.34,16.080000000000013,0.5040184215279032,1.66,1.65,-0.010000000000000009
16362613,1.261708791,MATCH_ODDS,away,24.61,133.82999999999998,109.21999999999998,0.2369310069615933,3.65,4.1,0.44999999999999973
16362613,1.261708791,MATCH_ODDS,draw,47.3199,72.34,25.020100000000006,0.36470085911434225,4.2,4.3,0.09999999999999964
16362613,1.261708791,MATCH_ODDS,home,154.14,32.269999999999996,-121.86999999999999,0.752453014400781,1.95,1.85,-0.09999999999999987
16362613,1.261708802,OVER_UNDER_25,Over 2.5 Goals,102.19999999999999,20.08,-82.11999999999999,0.8573825503355704,1.67,1.64,-0.030000000000000027
16362613,1.261708802,OVER_UNDER_25,Under 2.5 Goals,12.0,15.0,3.0,0.1865671641791045,2.4,2.42,0.020000000000000018
